crash_id,county,region,highway_name,highway_class,intersection_rel,special_feature_1,special_feature_2,severity_level,visual_injured_num,fatal_num,suspected_serious_injured_num,non_incapacitated_injured_num,possibly_injured_num,crash_type,main_crash_type,latitude,longitude,year,date,time,number_of_vehicles,number_of_commercial_vehicles,work_zone,railroad_crossing,alcohol,drug,Alcohol or Drug,weather_condition,lighting_condition,road_condition,manner_of_collision,pedestrians_num,roadway_departure,cross_centerline,hit_and_run,emergency_vehicle_use,unit_type,vehicle_type,age,sex,driver_of_vehicle,injury_severity,person_condition,restraint_use,older_driver,teen_driver,Sleepy/Ill/Dizzy Driver,unsafe_unlaw_category,unsafe_unlaw_desc,Abnormal Traffic Control,Alcohol-DUI/DWI,Animal in Roadway,Apparently Sleepy,Avoiding Other Vehicle,Avoiding Pedestrian,Changed Lanes Unsafely,Deer in Roadway,Defect in Roadway,Disregarded Warning Signal,Domestic Animal in Roadway,Drug-DUI,Failed to Secure Load,Failed to Signal,Failed to Stop,Failed to Yield,Followed too Closely,Improper Backing,Improper Bicyclist Action,Improper Overtaking,Improper Parking,Improper Start From,Improper Turn,Improper Use of Lane,Distraction,Left of Center,No Improper Action by Driver,Object/Debris in Roadway,Other Improper Act/Movement,Pedestrian Action,Stopped in Traffic Lane,Speeding,Unsafe Vehicle,Wrong Way,Bad Weather,Bad Lighting,Bad Road Condition
300386116,Tulsa,tulsa,,City Street,1,80.0,99.0,property_damage,0.0,0,0.0,0.0,0.0,RIGHT-ANGLE,RIGHT-ANGLE,36.22421657,-95.99349931,2018,2018-10-30,19.24,1,0,N,       ,N,N,0,Clear,Dark / Lighted,1.0,1.0,0,Roadway Departure Left,0,Y,0.0,D,2.0,0.0,9,Y,1.0,Unknown,99.0,0,0,0,Unsafe Speed,For Traffic Conditions,0,0,0,0,0,0,0,0,0,0,0,0,0,0,0,0,0,0,0,0,0,0,0,0,0,0,0,0,0,0,0,1,0,0,0,0,0
300386244,Delaware,northern,SH-85,State Highway,0,0.0,0.0,property_damage,0.0,0,0.0,0.0,0.0,F-O FENCE-POLE,FIXED-OBJECT,36.535389,-94.9884848,2018,2018-10-31,19.28,1,0,N,       ,N,N,0,Rain,Dark / Unlighted,2.0,19.0,0,Roadway Departure Left,0,N,0.0,D,2.0,17.0,M,Y,1.0,Apparently Normal,4.0,0,1,0,Unsafe Speed,Rain or Wet Roadway,0,0,0,0,0,0,0,0,0,0,0,0,0,0,0,0,0,0,0,0,0,0,0,0,0,0,0,0,0,0,0,1,0,0,1,1,0
300386421,Mayes,northern,,County Road,0,0.0,0.0,possible_injury,0.0,0,0.0,0.0,1.0,F-O TREE,FIXED-OBJECT,36.1895,-95.1929,2018,2018-10-28,2.4,1,0,N,       ,N,N,0,Cloudy,Dark / Unlighted,1.0,19.0,0,Roadway Departure Left,0,N,0.0,D,20.0,26.0,M,Y,2.0,Apparently Normal,4.0,0,0,0,Unsafe Speed,Other,0,0,0,0,0,0,0,0,0,0,0,0,0,0,0,0,0,0,0,0,0,0,0,0,0,0,0,0,0,0,0,1,0,0,0,1,0
300386483,Tulsa,tulsa,SH-11,State Highway,0,0.0,0.0,property_damage,0.0,0,0.0,0.0,0.0,SIDESWIPE-SAME,SIDESWIPE-SAME,36.187422,-95.8985767,2018,2018-11-03,21.3,2,0,N,       ,N,N,0,Rain,Dark / Unlighted,2.0,16.0,0,Roadway Departure Right,0,N,0.0,D,1.0,20.0,M,Y,1.0,Apparently Normal,4.0,0,0,0,Unsafe Speed,Rain or Wet Roadway,0,0,0,0,0,0,0,0,0,0,0,0,0,0,0,0,0,0,0,0,0,0,0,0,0,0,0,0,0,0,0,1,0,0,1,1,0
300386627,Mayes,northern,SH-82,State Highway,1,0.0,0.0,property_damage,0.0,0,0.0,0.0,0.0,REAR-END,REAR-END,36.103373,-95.1216949,2018,2018-10-28,20.56,2,0,N,       ,N,N,0,Cloudy,Dark / Unlighted,1.0,4.0,0,Roadway Departure Right,0,N,0.0,D,20.0,24.0,F,Y,0.0,Apparently Normal,4.0,0,0,0,Unsafe Speed,For Traffic Conditions,0,0,0,0,0,0,0,0,0,0,0,0,0,0,0,0,0,0,0,0,0,0,0,0,0,0,0,0,0,0,0,1,0,0,0,1,0
300386641,Tulsa,tulsa,,City Street,1,80.0,99.0,property_damage,0.0,0,0.0,0.0,0.0,REAR-END,REAR-END,36.1617087,-95.940354,2018,2018-11-05,6.4,2,0,N,       ,N,N,0,Rain,Daylight,2.0,2.0,0,No Roadway Departure,0,N,0.0,D,4.0,17.0,M,Y,1.0,Apparently Normal,4.0,0,1,0,Unsafe Speed,Rain or Wet Roadway,0,0,0,0,0,0,0,0,0,0,0,0,0,0,0,0,0,0,0,0,0,0,0,0,0,0,0,0,0,0,0,1,0,0,1,0,0
300386658,Tulsa,tulsa,,City Street,7,0.0,0.0,possible_injury,0.0,0,0.0,0.0,3.0,REAR-END,REAR-END,36.19620449,-95.9754991,2018,2018-11-03,20.45,3,0,N,       ,N,N,0,Rain,Dark / Unlighted,2.0,2.0,1,No Roadway Departure,0,N,0.0,D,15.0,25.0,M,Y,2.0,Unknown,1.0,0,0,0,Unsafe Speed,For Traffic Conditions,0,0,0,0,0,0,0,0,0,0,0,0,0,0,0,0,0,0,0,0,0,0,0,0,0,0,0,0,0,0,0,1,0,0,1,1,0
300386769,Rogers,northern,SH-20,State Highway,0,0.0,0.0,property_damage,0.0,0,0.0,0.0,0.0,F-O GUARDRL-FACE,FIXED-OBJECT,36.3082955,-95.7123626,2018,2018-09-23,5.07,1,0,N,       ,N,N,0,Rain,Dark / Unlighted,2.0,20.0,0,Roadway Departure Right,0,N,0.0,D,4.0,42.0,M,Y,1.0,Apparently Normal,4.0,0,0,0,Unsafe Speed,Rain or Wet Roadway,0,0,0,0,0,0,0,0,0,0,0,0,0,0,0,0,0,0,0,0,0,0,0,0,0,0,0,0,0,0,0,1,0,0,1,1,0
300386773,Rogers,northern,SH-20,State Highway,0,0.0,0.0,property_damage,0.0,0,0.0,0.0,0.0,ROLLOVER,ROLLOVER,36.3118069,-95.7153637,2018,2018-10-13,15.58,1,0,N,       ,N,N,0,Cloudy,Daylight,2.0,20.0,0,Roadway Departure Right,0,N,0.0,D,20.0,21.0,F,Y,1.0,Apparently Normal,4.0,0,0,0,Unsafe Speed,Rain or Wet Roadway,0,0,0,0,0,0,0,0,0,0,0,0,0,0,0,0,0,0,0,0,0,0,0,0,0,0,0,0,0,0,0,1,0,0,0,0,0
300386797,Craig,northern,,County Road,0,0.0,0.0,possible_injury,0.0,0,0.0,0.0,1.0,F-O TREE,FIXED-OBJECT,36.8593,-95.0398,2018,2018-11-03,17.34,1,0,N,       ,N,N,0,Clear,Daylight,1.0,20.0,0,Roadway Departure Right,0,N,0.0,D,4.0,18.0,M,Y,2.0,Apparently Normal,1.0,0,1,0,Unsafe Speed,For Type of Roadway (Pavement Surface),0,0,0,0,0,0,0,0,0,0,0,0,0,0,0,0,0,0,0,0,0,0,0,0,0,0,0,0,0,0,0,1,0,0,0,0,0
300386801,Tulsa,tulsa,SH-11,State Highway,1,0.0,0.0,incapacitating_injury,1.0,0,1.0,0.0,0.0,REAR-END,REAR-END,36.2059658,-95.9755397,2018,2018-11-06,10.54,2,0,N,       ,N,N,0,Clear,Daylight,1.0,5.0,0,No Roadway Departure,0,N,0.0,D,4.0,17.0,F,Y,1.0,Apparently Normal,4.0,0,1,0,Unsafe Speed,For Traffic Conditions,0,0,0,0,0,0,0,0,0,0,0,0,0,0,0,0,0,0,0,0,0,0,0,0,0,0,0,0,0,0,0,1,0,0,0,0,0
300386838,Tulsa,tulsa,I-244,Interstate,0,30.0,0.0,possible_injury,0.0,0,0.0,0.0,2.0,F-O GUARDRL-FACE,FIXED-OBJECT,36.16378,-95.872206,2018,2018-11-03,19.56,1,0,N,       ,N,N,0,Rain,Dark / Unlighted,2.0,20.0,0,Roadway Departure Right,0,N,0.0,D,20.0,25.0,M,Y,2.0,Apparently Normal,4.0,0,0,0,Unsafe Speed,For Traffic Conditions,0,0,0,0,0,0,0,0,0,0,0,0,0,0,0,0,0,0,0,0,0,0,0,0,0,0,0,0,0,0,0,1,0,0,1,1,0
300386924,Adair,southern,US-62,US Route,0,0.0,0.0,possible_injury,0.0,0,0.0,0.0,1.0,F-O TREE,FIXED-OBJECT,35.9950039,-94.6445178,2018,2018-11-05,11.0,1,0,N,       ,N,N,0,Cloudy,Daylight,2.0,19.0,0,Roadway Departure Left,0,N,0.0,D,4.0,18.0,M,Y,2.0,Apparently Normal,4.0,0,1,0,Unsafe Speed,Rain or Wet Roadway,0,0,0,0,0,0,0,0,0,0,0,0,0,0,0,0,0,0,0,0,0,0,0,0,0,0,0,0,0,0,0,1,0,0,0,0,0
300386936,Nowata,northern,SH-28,State Highway,0,0.0,0.0,property_damage,0.0,0,0.0,0.0,0.0,F-O UTIL-POLE,FIXED-OBJECT,36.7577626,-95.5395596,2018,2018-11-01,12.19,1,0,N,       ,N,N,0,Rain,Daylight,2.0,20.0,0,Roadway Departure Right,0,N,0.0,D,2.0,22.0,F,Y,1.0,Apparently Normal,4.0,0,0,0,Unsafe Speed,Rain or Wet Roadway,0,0,0,0,0,0,0,0,0,0,0,0,0,0,0,0,0,0,0,0,0,0,0,0,0,0,0,0,0,0,0,1,0,0,1,0,0
300386968,Tulsa,northern,SH-20,State Highway,0,0.0,0.0,incapacitating_injury,1.0,0,1.0,0.0,0.0,F-O CULVERT,FIXED-OBJECT,36.365931,-95.9832846,2018,2018-10-24,22.32,1,0,N,       ,N,N,0,Rain,Dark / Unlighted,2.0,20.0,0,Roadway Departure Right,0,N,0.0,D,4.0,21.0,M,Y,4.0,Apparently Normal,1.0,0,0,0,Unsafe Speed,Rain or Wet Roadway,0,0,0,0,0,0,0,0,0,0,0,0,0,0,0,0,0,0,0,0,0,0,0,0,0,0,0,0,0,0,0,1,0,0,1,1,0
300386973,Tulsa,northern,,County Road,0,0.0,0.0,non_incapacitating_injury,1.0,0,0.0,1.0,0.0,REAR-END,REAR-END,36.264,-95.8943,2018,2018-11-06,6.51,3,0,N,       ,N,N,0,Cloudy,Daylight,1.0,2.0,0,No Roadway Departure,0,N,0.0,D,1.0,45.0,F,Y,1.0,Apparently Normal,4.0,0,0,0,Unsafe Speed,For Traffic Conditions,0,0,0,0,0,0,0,0,0,0,0,0,0,0,0,0,0,0,0,0,0,0,0,0,0,0,0,0,0,0,0,1,0,0,0,0,0
300386980,Delaware,northern,SH-85A,State Highway,0,76.0,0.0,possible_injury,0.0,0,0.0,0.0,1.0,F-O FENCE,FIXED-OBJECT,36.6112407,-94.9276355,2018,2018-11-05,0.19,1,0,N,       ,N,N,0,Clear,Dark / Unlighted,1.0,20.0,0,Roadway Departure Right,0,N,0.0,D,1.0,21.0,F,Y,2.0,Apparently Normal,4.0,0,0,0,Unsafe Speed,On Curve/Turn,0,0,0,0,0,0,0,0,0,0,0,0,0,0,0,0,0,0,0,0,0,0,0,0,0,0,0,0,0,0,0,1,0,0,0,1,0
300386984,Tulsa,tulsa,,City Street,5,0.0,0.0,non_incapacitating_injury,1.0,0,0.0,1.0,0.0,REAR-END,REAR-END,36.18168691,-95.8511078,2018,2018-11-06,17.1,3,0,N,       ,N,N,0,Clear,Daylight,1.0,2.0,0,No Roadway Departure,0,N,0.0,D,20.0,51.0,M,Y,1.0,Apparently Normal,4.0,0,0,0,Unsafe Speed,For Traffic Conditions,0,0,0,0,0,0,0,0,0,0,0,0,0,0,0,0,0,0,0,0,0,0,0,0,0,0,0,0,0,0,0,1,0,0,0,0,0
300387061,Tulsa,tulsa,,City Street,6,99.0,88.0,property_damage,0.0,0,0.0,0.0,0.0,RIGHT-ANGLE,RIGHT-ANGLE,36.2313523,-95.98899427,2018,2018-11-08,0.2,1,0,N,       ,N,N,0,Clear,Dark / Lighted,1.0,1.0,0,Roadway Departure Left,0,Y,0.0,D,2.0,0.0,M,Y,1.0,Unknown,99.0,0,0,0,Unsafe Speed,Exceeding Legal Limit,0,0,0,0,0,0,0,0,0,0,0,0,0,0,0,0,0,0,0,0,0,0,0,0,0,0,0,0,0,0,0,1,0,0,0,0,0
300387132,Tulsa,tulsa,,City Street,8,99.0,80.0,property_damage,0.0,0,0.0,0.0,0.0,REAR-END,REAR-END,36.1770421,-95.87810853,2018,2018-10-08,15.21,2,0,N,       ,N,N,0,Rain,Daylight,2.0,5.0,0,No Roadway Departure,0,Y,0.0,D,20.0,0.0,9,Y,1.0,Unknown,99.0,0,0,0,Unsafe Speed,For Traffic Conditions,0,0,0,0,0,0,0,0,0,0,0,0,0,0,0,0,0,0,0,0,0,0,0,0,0,0,0,0,0,0,0,1,0,0,1,0,0
300387311,Delaware,northern,SH-20,State Highway,0,0.0,0.0,property_damage,0.0,0,0.0,0.0,0.0,F-O TREE,FIXED-OBJECT,36.407161,-94.8648727,2018,2018-11-08,15.57,1,0,N,       ,N,N,0,Rain,Daylight,2.0,19.0,0,Roadway Departure Left,0,N,0.0,D,2.0,19.0,M,Y,1.0,Apparently Normal,4.0,0,1,0,Unsafe Speed,Rain or Wet Roadway,0,0,0,0,0,0,0,0,0,0,0,0,0,0,0,0,0,0,0,0,0,0,0,0,0,0,0,0,0,0,0,1,0,0,1,0,0
300387410,Delaware,northern,SH-85,State Highway,0,0.0,0.0,property_damage,0.0,0,0.0,0.0,0.0,F-O OTHER,FIXED-OBJECT,36.6126189,-94.9808476,2018,2018-11-05,8.2,1,0,N,       ,N,N,0,Rain,Daylight,2.0,19.0,0,Roadway Departure Left,0,N,0.0,D,4.0,66.0,M,Y,1.0,Apparently Normal,4.0,1,0,0,Unsafe Speed,Rain or Wet Roadway,0,0,0,0,0,0,0,0,0,0,0,0,0,0,0,0,0,0,0,0,0,0,0,0,0,0,0,0,0,0,0,1,0,0,1,0,0
300387441,Mayes,northern,US412A,US Route,0,0.0,0.0,property_damage,0.0,0,0.0,0.0,0.0,F-O FENCE-POLE,FIXED-OBJECT,36.2196196,-95.060014,2018,2018-11-01,3.47,1,0,N,       ,N,N,0,Rain,Dark / Unlighted,2.0,20.0,0,Roadway Departure Right,0,Y,0.0,D,2.0,22.0,M,Y,1.0,Apparently Normal,4.0,0,0,0,Unsafe Speed,Rain or Wet Roadway,0,0,0,0,0,0,0,0,0,0,0,0,0,0,0,0,0,0,0,0,0,0,0,0,0,0,0,0,0,0,0,1,0,0,1,1,0
300387647,Mayes,northern,,County Road,0,80.0,99.0,property_damage,0.0,0,0.0,0.0,0.0,F-O FENCE,FIXED-OBJECT,36.2493,-95.4172,2018,2018-11-10,0.0,1,0,N,       ,N,N,0,Clear,Dark / Unlighted,1.0,20.0,0,Roadway Departure Right,0,N,0.0,D,4.0,25.0,M,Y,1.0,Apparently Normal,4.0,0,0,0,Unsafe Speed,On Curve/Turn,0,0,0,0,0,0,0,0,0,0,0,0,0,0,0,0,0,0,0,0,0,0,0,0,0,0,0,0,0,0,0,1,0,0,0,1,0
300387711,Washington,northern,SH-10,State Highway,0,0.0,0.0,property_damage,0.0,0,0.0,0.0,0.0,F-O FENCE,FIXED-OBJECT,36.902037,-95.8952145,2018,2018-11-12,8.15,1,0,N,       ,N,N,0,Snow,Daylight,6.0,19.0,0,Roadway Departure Left,0,N,0.0,D,1.0,17.0,F,Y,1.0,Apparently Normal,4.0,0,1,0,Unsafe Speed,For Ice or Snow on Roadway,0,0,0,0,0,0,0,0,0,0,0,0,0,0,0,0,0,0,0,0,0,0,0,0,0,0,0,0,0,0,0,1,0,0,1,0,1
300387731,Cherokee,southern,,County Road,0,99.0,80.0,property_damage,0.0,0,0.0,0.0,0.0,F-O DITCH,FIXED-OBJECT,36.0269,-95.1301,2018,2018-10-27,3.11,1,0,N,       ,N,N,0,Clear,Dark / Unlighted,1.0,20.0,0,Roadway Departure Right,0,N,0.0,D,4.0,28.0,M,Y,1.0,Apparently Normal,4.0,0,0,0,Unsafe Speed,Exceeding Legal Limit,0,0,0,0,0,0,0,0,0,0,0,0,0,0,0,0,0,0,0,0,0,0,0,0,0,0,0,0,0,0,0,1,0,0,0,1,0
300387737,Cherokee,southern,SH-80,State Highway,0,0.0,0.0,incapacitating_injury,1.0,0,1.0,0.0,0.0,F-O DITCH,FIXED-OBJECT,35.8987925,-95.226431,2018,2018-11-03,12.56,1,0,N,       ,N,N,0,Cloudy,Daylight,1.0,19.0,0,Roadway Departure Left,0,N,0.0,D,15.0,30.0,M,Y,4.0,Apparently Normal,7.0,0,0,0,Unsafe Speed,On Curve/Turn,0,0,0,0,0,0,0,0,0,0,0,0,0,0,0,0,0,0,0,0,0,0,0,0,0,0,0,0,0,0,0,1,0,0,0,0,0
300387738,Adair,southern,US-59,US Route,0,0.0,0.0,property_damage,0.0,0,0.0,0.0,0.0,F-O UTIL-POLE,FIXED-OBJECT,35.8233558,-94.6254593,2018,2018-11-10,18.17,1,0,N,       ,N,N,0,Clear,Dark / Lighted,1.0,20.0,0,Roadway Departure Right,0,Y,0.0,D,1.0,21.0,M,Y,1.0,Apparently Normal,4.0,0,0,0,Unsafe Speed,Exceeding Legal Limit,0,0,0,0,0,0,0,0,0,0,0,0,0,0,0,0,0,0,0,0,0,0,0,0,0,0,0,0,0,0,0,1,0,0,0,0,0
300387740,Adair,southern,US-62,US Route,0,0.0,0.0,property_damage,0.0,0,0.0,0.0,0.0,F-O FENCE,FIXED-OBJECT,35.9903154,-94.6334096,2018,2018-10-31,20.17,1,0,N,       ,N,N,0,Rain,Dark / Unlighted,2.0,20.0,0,Roadway Departure Right,0,N,0.0,D,2.0,27.0,F,Y,1.0,Apparently Normal,4.0,0,0,0,Unsafe Speed,Exceeding Legal Limit,0,0,0,0,0,0,0,0,0,0,0,0,0,0,0,0,0,0,0,0,0,0,0,0,0,0,0,0,0,0,0,1,0,0,1,1,0
300387744,Cherokee,southern,SH-51,State Highway,0,0.0,0.0,incapacitating_injury,1.0,0,1.0,0.0,0.0,ANIMAL,ANIMAL,35.9369159,-95.2048449,2018,2018-11-11,20.51,1,0,N,       ,N,N,0,Clear,Dark / Unlighted,1.0,34.0,0,Fixed Object,0,N,0.0,D,15.0,42.0,M,Y,4.0,Apparently Normal,7.0,0,0,0,Unsafe Speed,For Traffic Conditions,0,0,0,0,0,0,0,0,0,0,0,0,0,0,0,0,0,0,0,0,0,0,0,0,0,0,0,0,0,0,0,1,0,0,0,1,0
300387748,Cherokee,southern,SH-82,State Highway,0,0.0,0.0,property_damage,0.0,0,0.0,0.0,0.0,F-O GUARDRL-FACE,FIXED-OBJECT,35.7154778,-94.9167457,2018,2018-11-12,8.51,1,0,N,       ,N,N,0,Rain,Daylight,1.0,19.0,0,Roadway Departure Left,0,N,0.0,D,2.0,19.0,M,Y,0.0,Apparently Normal,4.0,0,1,0,Unsafe Speed,Rain or Wet Roadway,0,0,0,0,0,0,0,0,0,0,0,0,0,0,0,0,0,0,0,0,0,0,0,0,0,0,0,0,0,0,0,1,0,0,1,0,0
300387750,Cherokee,southern,SH-80,State Highway,0,0.0,0.0,possible_injury,0.0,0,0.0,0.0,1.0,F-O TREE,FIXED-OBJECT,35.8637797,-95.2204052,2018,2018-11-08,18.46,1,0,N,       ,N,N,0,Rain,Dark / Unlighted,2.0,20.0,0,Roadway Departure Right,0,N,0.0,D,1.0,17.0,M,Y,2.0,Apparently Normal,4.0,0,1,0,Unsafe Speed,Rain or Wet Roadway,0,0,0,0,0,0,0,0,0,0,0,0,0,0,0,0,0,0,0,0,0,0,0,0,0,0,0,0,0,0,0,1,0,0,1,1,0
300387752,Cherokee,southern,SH-82,State Highway,0,0.0,0.0,incapacitating_injury,1.0,0,1.0,0.0,0.0,F-O GUARDRL-FACE,FIXED-OBJECT,35.7772871,-94.9163702,2018,2018-11-10,5.33,1,0,N,       ,Y,N,1,Clear,Dark / Unlighted,1.0,20.0,0,Roadway Departure Right,0,N,0.0,D,20.0,28.0,F,Y,4.0,Odor of Alcohol Beverage,4.0,0,0,0,Unsafe Speed,Exceeding Legal Limit,0,0,0,0,0,0,0,0,0,0,0,0,0,0,0,0,0,0,0,0,0,0,0,0,0,0,0,0,0,0,0,1,0,0,0,1,0
300387795,Washington,northern,US-75,US Route,1,0.0,0.0,non_incapacitating_injury,1.0,0,0.0,1.0,0.0,ANGLE-TURNING,ANGLE-TURNING,36.6817708,-95.9351746,2018,2018-11-08,8.53,2,0,N,       ,N,N,0,Cloudy,Daylight,1.0,10.0,0,No Roadway Departure,0,N,0.0,D,20.0,43.0,M,Y,1.0,Apparently Normal,4.0,0,0,0,Unsafe Speed,For Traffic Conditions,0,0,0,0,0,0,0,0,0,0,0,0,0,0,0,0,0,0,0,0,0,0,0,0,0,0,0,0,0,0,0,1,0,0,0,0,0
300387939,Nowata,northern,US-169,US Route,1,0.0,0.0,non_incapacitating_injury,1.0,0,0.0,1.0,0.0,REAR-END,REAR-END,36.6843407,-95.6297779,2018,2018-11-08,13.5,2,1,N,       ,N,N,0,Rain,Daylight,2.0,4.0,0,Roadway Departure Right,0,N,0.0,D,8.0,56.0,M,Y,1.0,Apparently Normal,4.0,0,0,0,Unsafe Speed,Rain or Wet Roadway,0,0,0,0,0,0,0,0,0,0,0,0,0,0,0,0,0,0,0,0,0,0,0,0,0,0,0,0,0,0,0,1,0,0,1,0,0
300387996,Tulsa,tulsa,I-244,Interstate,1,20.0,0.0,property_damage,0.0,0,0.0,0.0,0.0,REAR-END,REAR-END,36.1627863,-95.9000138,2018,2018-11-14,14.5,2,0,N,       ,N,N,0,Clear,Daylight,1.0,5.0,0,No Roadway Departure,0,N,0.0,D,2.0,51.0,F,Y,1.0,Apparently Normal,4.0,0,0,0,Unsafe Speed,For Traffic Conditions,0,0,0,0,0,0,0,0,0,0,0,0,0,0,0,0,0,0,0,0,0,0,0,0,0,0,0,0,0,0,0,1,0,0,0,0,0
300388098,Tulsa,tulsa,US-75,US Route,0,0.0,0.0,non_incapacitating_injury,2.0,0,0.0,2.0,1.0,REAR-END,REAR-END,36.1781289,-95.9711386,2018,2018-11-14,8.0,6,0,N,       ,N,N,0,Clear,Daylight,1.0,3.0,0,No Roadway Departure,0,N,0.0,D,20.0,52.0,F,Y,2.0,Apparently Normal,4.0,0,0,0,Unsafe Speed,For Traffic Conditions,0,0,0,0,0,0,0,0,0,0,0,0,0,0,0,0,0,0,0,0,0,0,0,0,0,0,0,0,0,0,0,1,0,0,0,0,0
300388249,Tulsa,tulsa,,City Street,6,0.0,0.0,non_incapacitating_injury,1.0,0,0.0,1.0,0.0,F-O FENCE,FIXED-OBJECT,36.169743,-95.95783147,2018,2018-11-11,23.32,1,0,N,       ,N,N,0,Clear,Dark / Lighted,1.0,20.0,0,Fixed Object,0,N,1.0,D,2.0,24.0,M,Y,3.0,Apparently Normal,4.0,0,0,0,Unsafe Speed,Other,0,0,0,0,0,0,0,0,0,0,0,0,0,0,0,0,0,0,0,0,0,0,0,0,0,0,0,0,0,0,0,1,0,0,0,0,0
300388320,Tulsa,tulsa,,City Street,1,0.0,0.0,possible_injury,0.0,0,0.0,0.0,1.0,F-O UTIL-POLE,FIXED-OBJECT,36.1842408,-95.9788731,2018,2018-09-11,20.55,1,0,N,       ,N,N,0,Clear,Dark / Lighted,1.0,20.0,0,Roadway Departure Right,0,N,0.0,D,2.0,25.0,M,Y,2.0,Apparently Normal,99.0,0,0,0,Unsafe Speed,On Curve/Turn,0,0,0,0,0,0,0,0,0,0,0,0,0,0,0,0,0,0,0,0,0,0,0,0,0,0,0,0,0,0,0,1,0,0,0,0,0
300388434,Tulsa,tulsa,,City Street,7,0.0,0.0,non_incapacitating_injury,1.0,0,0.0,1.0,0.0,F-O TREE,FIXED-OBJECT,36.16839579,-95.9805241,2018,2018-11-17,2.52,1,0,N,       ,N,N,0,Clear,Dark / Lighted,1.0,20.0,0,Fixed Object,0,N,0.0,D,2.0,20.0,M,Y,1.0,Apparently Normal,99.0,0,0,0,Unsafe Speed,Exceeding Legal Limit,0,0,0,0,0,0,0,0,0,0,0,0,0,0,0,0,0,0,0,0,0,0,0,0,0,0,0,0,0,0,0,1,0,0,0,0,0
300388670,Nowata,northern,SH-10,State Highway,0,0.0,0.0,property_damage,0.0,0,0.0,0.0,0.0,F-O TREE,FIXED-OBJECT,36.9166036,-95.6970186,2018,2018-11-17,7.58,1,0,N,       ,N,N,0,Clear,Dark / Unlighted,1.0,20.0,0,Roadway Departure Right,0,N,0.0,D,2.0,18.0,M,Y,1.0,Apparently Normal,4.0,0,1,0,Unsafe Speed,Other,0,0,0,0,0,0,0,0,0,0,0,0,0,0,0,0,0,0,0,0,0,0,0,0,0,0,0,0,0,0,0,1,0,0,0,1,0
300388935,Tulsa,tulsa,,City Street,8,99.0,80.0,property_damage,0.0,0,0.0,0.0,0.0,F-O UTIL-POLE,FIXED-OBJECT,36.16812,-95.95582323,2018,2018-11-19,0.0,1,0,N,       ,Y,N,1,Clear,Dark / Lighted,1.0,19.0,0,Roadway Departure Left,0,N,0.0,D,4.0,41.0,M,Y,1.0,Odor of Alcohol Beverage,99.0,0,0,0,Unsafe Speed,Other,0,0,0,0,0,0,0,0,0,0,0,0,0,0,0,0,0,0,0,0,0,0,0,0,0,0,0,0,0,0,0,1,0,0,0,0,0
300389221,McIntosh,southern,,County Road,0,99.0,80.0,property_damage,0.0,0,0.0,0.0,0.0,F-O MAILBOX,FIXED-OBJECT,35.4059,-95.3803,2018,2018-11-21,23.22,1,0,N,       ,N,N,0,Clear,Dark / Unlighted,1.0,19.0,0,Roadway Departure Left,0,N,0.0,D,2.0,19.0,F,Y,1.0,Apparently Normal,4.0,0,1,0,Unsafe Speed,On Curve/Turn,0,0,0,0,0,0,0,0,0,0,0,0,0,0,0,0,0,0,0,0,0,0,0,0,0,0,0,0,0,0,0,1,0,0,0,1,0
300389295,Sequoyah,southern,I-40,Interstate,0,0.0,0.0,property_damage,0.0,0,0.0,0.0,0.0,OTHER,OTHER,35.4885626,-94.9723492,2018,2018-11-04,14.47,1,0,N,       ,N,N,0,Cloudy,Daylight,1.0,19.0,0,Roadway Departure Right,0,N,0.0,D,20.0,33.0,M,Y,1.0,Apparently Normal,4.0,0,0,0,Unsafe Speed,Other,0,0,0,0,0,0,0,0,0,0,0,0,0,0,0,0,0,0,0,0,0,0,0,0,0,0,0,0,0,0,0,1,0,0,0,0,0
300389297,Sequoyah,southern,I-40,Interstate,0,0.0,0.0,property_damage,0.0,0,0.0,0.0,0.0,F-O GUARDRL-FACE,FIXED-OBJECT,35.4475664,-94.4500318,2018,2018-11-04,19.36,1,0,N,       ,N,N,0,Cloudy,Dark / Unlighted,1.0,19.0,0,Roadway Departure Left,0,N,0.0,D,4.0,16.0,M,Y,1.0,Apparently Normal,4.0,0,1,0,Unsafe Speed,Other,0,0,0,0,0,0,0,0,0,0,0,0,0,0,0,0,0,0,0,0,0,0,0,0,0,0,0,0,0,0,0,1,0,0,0,1,0
300389496,Tulsa,tulsa,,City Street,1,0.0,0.0,possible_injury,0.0,0,0.0,0.0,1.0,REAR-END,REAR-END,36.1771008,-95.9224605,2018,2018-11-24,1.29,2,0,N,       ,N,N,0,Clear,Dark / Lighted,1.0,2.0,0,No Roadway Departure,0,Y,0.0,D,2.0,0.0,9,Y,1.0,Unknown,99.0,0,0,0,Unsafe Speed,For Traffic Conditions,0,0,0,0,0,0,0,0,0,0,0,0,0,0,0,0,0,0,0,0,0,0,0,0,0,0,0,0,0,0,0,1,0,0,0,0,0
300389559,Sequoyah,southern,,County Road,0,99.0,80.0,property_damage,0.0,0,0.0,0.0,0.0,F-O TREE,FIXED-OBJECT,35.4329,-94.5434,2018,2018-11-24,18.34,1,0,N,       ,N,N,0,Clear,Dark / Unlighted,1.0,19.0,0,Roadway Departure Left,0,N,0.0,D,4.0,17.0,M,Y,1.0,Apparently Normal,4.0,0,1,0,Unsafe Speed,Inexperienced Driver - Young,0,0,0,0,0,0,0,0,0,0,0,0,0,0,0,0,0,0,0,0,0,0,0,0,0,0,0,0,0,0,0,1,0,0,0,1,0