crash_id,county,region,highway_name,highway_class,intersection_rel,special_feature_1,special_feature_2,severity_level,visual_injured_num,fatal_num,suspected_serious_injured_num,non_incapacitated_injured_num,possibly_injured_num,crash_type,main_crash_type,latitude,longitude,year,date,time,number_of_vehicles,number_of_commercial_vehicles,work_zone,railroad_crossing,alcohol,drug,Alcohol or Drug,weather_condition,lighting_condition,road_condition,manner_of_collision,pedestrians_num,roadway_departure,cross_centerline,hit_and_run,emergency_vehicle_use,unit_type,vehicle_type,age,sex,driver_of_vehicle,injury_severity,person_condition,restraint_use,older_driver,teen_driver,Sleepy/Ill/Dizzy Driver,unsafe_unlaw_category,unsafe_unlaw_desc,Abnormal Traffic Control,Alcohol-DUI/DWI,Animal in Roadway,Apparently Sleepy,Avoiding Other Vehicle,Avoiding Pedestrian,Changed Lanes Unsafely,Deer in Roadway,Defect in Roadway,Disregarded Warning Signal,Domestic Animal in Roadway,Drug-DUI,Failed to Secure Load,Failed to Signal,Failed to Stop,Failed to Yield,Followed too Closely,Improper Backing,Improper Bicyclist Action,Improper Overtaking,Improper Parking,Improper Start From,Improper Turn,Improper Use of Lane,Distraction,Left of Center,No Improper Action by Driver,Object/Debris in Roadway,Other Improper Act/Movement,Pedestrian Action,Stopped in Traffic Lane,Speeding,Unsafe Vehicle,Wrong Way,Bad Weather,Bad Lighting,Bad Road Condition
300389616,Tulsa,tulsa,,City Street,5,99.0,80.0,property_damage,0.0,0,0.0,0.0,0.0,REAR-END,REAR-END,36.18308081,-95.993555,2018,2018-11-20,15.35,2,0,N,       ,N,N,0,Clear,Daylight,1.0,2.0,0,No Roadway Departure,0,N,0.0,D,23.0,26.0,M,Y,1.0,Apparently Normal,4.0,0,0,0,Unsafe Speed,For Traffic Conditions,0,0,0,0,0,0,0,0,0,0,0,0,0,0,0,0,0,0,0,0,0,0,0,0,0,0,0,0,0,0,0,1,0,0,0,0,0
300389662,Muskogee,southern,,County Road,0,0.0,0.0,non_incapacitating_injury,3.0,0,0.0,3.0,0.0,F-O TREE,FIXED-OBJECT,35.6714,-95.3526,2018,2018-11-23,18.11,1,0,N,       ,N,N,0,Cloudy,Dark / Unlighted,1.0,20.0,0,Roadway Departure Right,0,N,0.0,D,4.0,28.0,F,Y,1.0,Apparently Normal,4.0,0,0,0,Unsafe Speed,On Curve/Turn,0,0,0,0,0,0,0,0,0,0,0,0,0,0,0,0,0,0,0,0,0,0,0,0,0,0,0,0,0,0,0,1,0,0,0,1,0
300389698,Tulsa,tulsa,,City Street,7,99.0,80.0,property_damage,0.0,0,0.0,0.0,0.0,OTH-SINGLE-VEH,OTH-SINGLE-VEH,36.18295869,-95.9465302,2018,2018-11-12,8.14,1,0,N,       ,N,N,0,Snow,Daylight,4.0,0.0,0,Roadway Departure Left,0,Y,0.0,D,4.0,0.0,9,Y,1.0,Unknown,99.0,0,0,0,Unsafe Speed,For Ice or Snow on Roadway,0,0,0,0,0,0,0,0,0,0,0,0,0,0,0,0,0,0,0,0,0,0,0,0,0,0,0,0,0,0,0,1,0,0,1,0,1
300389728,Delaware,northern,SH-28,State Highway,0,0.0,0.0,non_incapacitating_injury,1.0,0,0.0,1.0,0.0,OTH-SINGLE-VEH,OTH-SINGLE-VEH,36.4730077,-94.9347526,2018,2018-11-24,14.41,1,0,N,       ,N,N,0,Clear,Daylight,1.0,33.0,0,Roadway Departure Right,0,N,0.0,D,15.0,58.0,M,Y,3.0,Apparently Normal,1.0,0,0,0,Unsafe Speed,On Curve/Turn,0,0,0,0,0,0,0,0,0,0,0,0,0,0,0,0,0,0,0,0,0,0,0,0,0,0,0,0,0,0,0,1,0,0,0,0,0
300389761,Adair,southern,SH-100,State Highway,0,0.0,0.0,non_incapacitating_injury,1.0,0,0.0,1.0,0.0,F-O GUARDRL-FACE,FIXED-OBJECT,35.7740895,-94.7588104,2018,2018-11-18,15.36,1,0,N,       ,N,N,0,Cloudy,Daylight,2.0,19.0,0,Roadway Departure Left,0,N,0.0,D,4.0,17.0,M,Y,3.0,Apparently Normal,4.0,0,1,0,Unsafe Speed,Rain or Wet Roadway,0,0,0,0,0,0,0,0,0,0,0,0,0,0,0,0,0,0,0,0,0,0,0,0,0,0,0,0,0,0,0,1,0,0,0,0,0
300389790,Delaware,northern,SH-85,State Highway,0,0.0,0.0,incapacitating_injury,2.0,0,1.0,1.0,0.0,F-O TREE,FIXED-OBJECT,36.5587995,-94.9863117,2018,2018-11-25,23.56,1,0,N,       ,Y,N,1,Clear,Dark / Unlighted,1.0,19.0,0,Roadway Departure Right,0,N,0.0,D,2.0,43.0,M,Y,3.0,Odor of Alcohol Beverage,4.0,0,0,0,Unsafe Speed,On Curve/Turn,0,0,0,0,0,0,0,0,0,0,0,0,0,0,0,0,0,0,0,0,0,0,0,0,0,0,0,0,0,0,0,1,0,0,0,1,0
300389791,Mayes,northern,US-69,US Route,0,0.0,0.0,property_damage,0.0,0,0.0,0.0,0.0,OTHER,OTHER,36.497808,-95.2552697,2018,2018-11-25,14.58,1,1,N,       ,N,N,0,Cloudy,Daylight,1.0,19.0,0,Roadway Departure Left,0,N,0.0,D,10.0,29.0,M,Y,1.0,Apparently Normal,4.0,0,0,0,Unsafe Speed,On Curve/Turn,0,0,0,0,0,0,0,0,0,0,0,0,0,0,0,0,0,0,0,0,0,0,0,0,0,0,0,0,0,0,0,1,0,0,0,0,0
300390052,Craig,northern,US-60,US Route,0,0.0,0.0,property_damage,0.0,0,0.0,0.0,0.0,F-O FENCE,FIXED-OBJECT,36.6721278,-95.3192238,2018,2018-11-26,19.03,1,0,N,       ,N,N,0,Cloudy,Dark / Unlighted,1.0,20.0,0,Roadway Departure Right,0,N,0.0,D,2.0,29.0,F,Y,1.0,Apparently Normal,4.0,0,0,0,Unsafe Speed,Other,0,0,0,0,0,0,0,0,0,0,0,0,0,0,0,0,0,0,0,0,0,0,0,0,0,0,0,0,0,0,0,1,0,0,0,1,0
300390164,Tulsa,tulsa,US-75,US Route,0,0.0,0.0,possible_injury,0.0,0,0.0,0.0,1.0,REAR-END,REAR-END,36.2335398,-95.9450045,2018,2018-11-28,17.45,3,0,N,       ,N,N,0,Clear,Dark / Unlighted,1.0,2.0,0,No Roadway Departure,0,N,0.0,D,4.0,20.0,M,Y,1.0,Apparently Normal,4.0,0,0,0,Unsafe Speed,For Traffic Conditions,0,0,0,0,0,0,0,0,0,0,0,0,0,0,0,0,0,0,0,0,0,0,0,0,0,0,0,0,0,0,0,1,0,0,0,1,0
300390387,Tulsa,tulsa,,City Street,1,0.0,0.0,possible_injury,0.0,0,0.0,0.0,2.0,REAR-END,REAR-END,36.1875376,-95.9403093,2018,2018-11-30,23.4,3,0,N,       ,Y,N,1,Rain,Dark / Lighted,2.0,4.0,0,No Roadway Departure,0,N,0.0,D,2.0,18.0,M,Y,1.0,Apparently Normal,4.0,0,1,0,Unsafe Speed,Rain or Wet Roadway,0,0,0,0,0,0,0,0,0,0,0,0,0,0,0,0,0,0,0,0,0,0,0,0,0,0,0,0,0,0,0,1,0,0,1,0,0
300390568,Sequoyah,southern,I-40,Interstate,0,0.0,0.0,property_damage,0.0,0,0.0,0.0,0.0,SIDESWIPE-SAME,SIDESWIPE-SAME,35.4497645,-94.8223039,2018,2018-11-30,22.5,2,0,N,       ,N,N,0,Rain,Dark / Unlighted,2.0,16.0,0,No Roadway Departure,0,N,0.0,D,2.0,48.0,M,Y,1.0,Apparently Normal,4.0,0,0,0,Unsafe Speed,Rain or Wet Roadway,0,0,0,0,0,0,0,0,0,0,0,0,0,0,0,0,0,0,0,0,0,0,0,0,0,0,0,0,0,0,0,1,0,0,1,1,0
300390569,Sequoyah,southern,I-40,Interstate,0,0.0,0.0,property_damage,0.0,0,0.0,0.0,0.0,ROLLOVER,ROLLOVER,35.4890631,-94.9935281,2018,2018-12-01,4.32,1,1,N,       ,N,N,0,Cloudy,Dark / Unlighted,2.0,19.0,0,Roadway Departure Left,0,N,0.0,D,10.0,47.0,M,Y,1.0,Apparently Normal,4.0,0,0,0,Unsafe Speed,Rain or Wet Roadway,0,0,0,0,0,0,0,0,0,0,0,0,0,0,0,0,0,0,0,0,0,0,0,0,0,0,0,0,0,0,0,1,0,0,0,1,0
300390570,Sequoyah,southern,US-64,US Route,0,0.0,0.0,property_damage,0.0,0,0.0,0.0,0.0,F-O CURB,FIXED-OBJECT,35.4010139,-94.4462562,2018,2018-11-30,17.3,1,0,N,       ,N,N,0,Rain,Dark / Unlighted,2.0,19.0,0,Roadway Departure Left,0,N,0.0,D,4.0,81.0,M,Y,1.0,Apparently Normal,4.0,1,0,0,Unsafe Speed,Driver's Ability (Aged),0,0,0,0,0,0,0,0,0,0,0,0,0,0,0,0,0,0,0,0,0,0,0,0,0,0,0,0,0,0,0,1,0,0,1,1,0
300390599,Delaware,northern,,County Road,0,99.0,80.0,property_damage,0.0,0,0.0,0.0,0.0,F-O TREE,FIXED-OBJECT,36.4885,-94.6912,2018,2018-11-24,3.05,1,0,N,       ,N,N,0,Clear,Dark / Unlighted,1.0,19.0,0,Roadway Departure Left,0,N,1.0,D,20.0,29.0,M,Y,1.0,Apparently Normal,4.0,0,0,0,Unsafe Speed,On Curve/Turn,0,0,0,0,0,0,0,0,0,0,0,0,0,0,0,0,0,0,0,0,0,0,0,0,0,0,0,0,0,0,0,1,0,0,0,1,0
300390616,Mayes,northern,US-412,US Route,0,0.0,0.0,possible_injury,0.0,0,0.0,0.0,1.0,REAR-END,REAR-END,36.1689836,-95.3649076,2018,2018-11-29,6.34,2,0,N,       ,N,N,0,Cloudy,Dark / Lighted,1.0,3.0,0,No Roadway Departure,0,N,0.0,D,2.0,19.0,M,Y,1.0,Sleepy,4.0,0,1,1,Unsafe Speed,For Traffic Conditions,0,0,0,0,0,0,0,0,0,0,0,0,0,0,0,0,0,0,0,0,0,0,0,0,0,0,0,0,0,0,0,1,0,0,0,0,0
300390713,Tulsa,tulsa,I-244,Interstate,0,42.0,0.0,property_damage,0.0,0,0.0,0.0,0.0,F-O TRAFF-SIGN,FIXED-OBJECT,36.1664161,-95.8441843,2018,2018-12-01,9.02,1,0,N,       ,N,N,0,Cloudy,Daylight,1.0,19.0,0,Roadway Departure Left,0,N,0.0,D,2.0,40.0,M,Y,1.0,Apparently Normal,4.0,0,0,0,Unsafe Speed,On Curve/Turn,0,0,0,0,0,0,0,0,0,0,0,0,0,0,0,0,0,0,0,0,0,0,0,0,0,0,0,0,0,0,0,1,0,0,0,0,0
300390785,Ottawa,northern,US-59,US Route,1,0.0,0.0,property_damage,0.0,0,0.0,0.0,0.0,F-O TRAFF-SIGN,FIXED-OBJECT,36.8737037,-94.9817227,2018,2018-11-27,23.41,1,0,N,       ,N,N,0,Clear,Dark / Unlighted,1.0,20.0,0,Roadway Departure Left,0,N,0.0,D,4.0,26.0,M,Y,1.0,Apparently Normal,4.0,0,0,0,Unsafe Speed,On Curve/Turn,0,0,0,0,0,0,0,0,0,0,0,0,0,0,0,0,0,0,0,0,0,0,0,0,0,0,0,0,0,0,0,1,0,0,0,1,0
300390813,Muskogee,southern,,County Road,0,0.0,0.0,non_incapacitating_injury,1.0,0,0.0,1.0,4.0,F-O TREE,FIXED-OBJECT,35.457,-95.1994,2018,2018-12-02,17.01,1,0,N,       ,N,N,0,Clear,Daylight,1.0,20.0,0,Roadway Departure Right,0,N,0.0,D,20.0,15.0,F,Y,1.0,Apparently Normal,4.0,0,1,0,Unsafe Speed,Inexperienced Driver - Young,0,0,0,0,0,0,0,0,0,0,0,0,0,0,0,0,0,0,0,0,0,0,0,0,0,0,0,0,0,0,0,1,0,0,0,0,0
300390892,Tulsa,tulsa,,City Street,8,99.0,80.0,property_damage,0.0,0,0.0,0.0,0.0,F-O CURB,FIXED-OBJECT,36.2171625,-95.94960043,2018,2018-12-04,22.2,1,0,N,       ,N,N,0,Clear,Dark / Unlighted,1.0,19.0,0,Roadway Departure Left,0,Y,0.0,D,2.0,0.0,M,Y,1.0,Unknown,99.0,0,0,0,Unsafe Speed,Exceeding Legal Limit,0,0,0,0,0,0,0,0,0,0,0,0,0,0,0,0,0,0,0,0,0,0,0,0,0,0,0,0,0,0,0,1,0,0,0,1,0
300390911,Muskogee,southern,,County Road,0,0.0,0.0,non_incapacitating_injury,1.0,0,0.0,1.0,0.0,F-O DITCH,FIXED-OBJECT,35.5662,-95.2555,2018,2018-11-14,22.39,1,0,N,       ,N,N,0,Clear,Dark / Unlighted,1.0,19.0,0,Roadway Departure Left,0,N,0.0,D,20.0,16.0,M,Y,3.0,Unknown,1.0,0,1,0,Unsafe Speed,Exceeding Legal Limit,0,0,0,0,0,0,0,0,0,0,0,0,0,0,0,0,0,0,0,0,0,0,0,0,0,0,0,0,0,0,0,1,0,0,0,1,0
300391045,Adair,southern,,County Road,0,99.0,80.0,property_damage,0.0,0,0.0,0.0,0.0,F-O TREE,FIXED-OBJECT,35.6474,-94.7875,2018,2018-12-01,22.12,1,0,N,       ,N,N,0,Cloudy,Dark / Unlighted,1.0,19.0,0,Roadway Departure Left,0,N,0.0,D,4.0,0.0,9,Y,1.0,Unknown,99.0,0,0,0,Unsafe Speed,On Curve/Turn,0,0,0,0,0,0,0,0,0,0,0,0,0,0,0,0,0,0,0,0,0,0,0,0,0,0,0,0,0,0,0,1,0,0,0,1,0
300391053,Adair,southern,US-59,US Route,0,0.0,0.0,property_damage,0.0,0,0.0,0.0,0.0,F-O FENCE,FIXED-OBJECT,35.9467047,-94.5969644,2018,2018-11-30,21.05,1,0,N,       ,N,N,0,Rain,Dark / Unlighted,2.0,20.0,0,Roadway Departure Right,0,N,0.0,D,20.0,33.0,F,Y,1.0,Apparently Normal,4.0,0,0,0,Unsafe Speed,Rain or Wet Roadway,0,0,0,0,0,0,0,0,0,0,0,0,0,0,0,0,0,0,0,0,0,0,0,0,0,0,0,0,0,0,0,1,0,0,1,1,0
300391090,Mayes,northern,US-69,US Route,0,0.0,0.0,property_damage,0.0,0,0.0,0.0,0.0,F-O GUARDRL-END,FIXED-OBJECT,36.3745031,-95.2958806,2018,2018-11-30,23.18,1,0,N,       ,N,N,0,Rain,Dark / Unlighted,2.0,19.0,0,Roadway Departure Left,0,N,0.0,D,4.0,27.0,M,Y,1.0,Apparently Normal,4.0,0,0,0,Unsafe Speed,Rain or Wet Roadway,0,0,0,0,0,0,0,0,0,0,0,0,0,0,0,0,0,0,0,0,0,0,0,0,0,0,0,0,0,0,0,1,0,0,1,1,0
300391136,Delaware,northern,,County Road,0,80.0,99.0,property_damage,0.0,0,0.0,0.0,0.0,F-O DITCH,FIXED-OBJECT,36.4378,-94.8108,2018,2018-11-21,14.25,1,0,N,       ,N,N,0,Clear,Daylight,1.0,20.0,0,Roadway Departure Right,0,N,0.0,D,2.0,32.0,M,Y,1.0,Unknown,1.0,0,0,0,Unsafe Speed,Other,0,0,0,0,0,0,0,0,0,0,0,0,0,0,0,0,0,0,0,0,0,0,0,0,0,0,0,0,0,0,0,1,0,0,0,0,0
300391186,Tulsa,tulsa,I-244,Interstate,0,71.0,0.0,possible_injury,0.0,0,0.0,0.0,1.0,REAR-END,REAR-END,36.1616083,-95.9923167,2018,2018-11-28,15.14,2,1,N,       ,N,N,0,Clear,Daylight,1.0,2.0,0,No Roadway Departure,0,N,0.0,D,4.0,29.0,F,Y,2.0,Apparently Normal,4.0,0,0,0,Unsafe Speed,For Traffic Conditions,0,0,0,0,0,0,0,0,0,0,0,0,0,0,0,0,0,0,0,0,0,0,0,0,0,0,0,0,0,0,0,1,0,0,0,0,0
300391339,Tulsa,tulsa,,City Street,5,99.0,80.0,property_damage,0.0,0,0.0,0.0,0.0,REAR-END,REAR-END,36.23177081,-95.9583717,2018,2018-12-07,7.15,2,0,N,       ,N,N,0,Cloudy,Daylight,1.0,3.0,0,No Roadway Departure,0,N,0.0,D,2.0,42.0,F,Y,1.0,Apparently Normal,4.0,0,0,0,Unsafe Speed,For Traffic Conditions,0,0,0,0,0,0,0,0,0,0,0,0,0,0,0,0,0,0,0,0,0,0,0,0,0,0,0,0,0,0,0,1,0,0,0,0,0
300391438,Delaware,northern,,County Road,0,99.0,80.0,property_damage,0.0,0,0.0,0.0,0.0,F-O FENCE,FIXED-OBJECT,36.4126,-94.7083,2018,2018-12-03,8.43,1,0,N,       ,N,N,0,Cloudy,Daylight,1.0,19.0,0,Roadway Departure Left,0,N,0.0,D,4.0,16.0,F,Y,1.0,Apparently Normal,4.0,0,1,0,Unsafe Speed,Inexperienced Driver - Young,0,0,0,0,0,0,0,0,0,0,0,0,0,0,0,0,0,0,0,0,0,0,0,0,0,0,0,0,0,0,0,1,0,0,0,0,0
300391516,Delaware,northern,,County Road,0,0.0,0.0,possible_injury,0.0,0,0.0,0.0,1.0,ROLLOVER,ROLLOVER,36.5285,-94.7364,2018,2018-12-07,19.52,1,0,N,       ,N,N,0,Cloudy,Dark / Unlighted,1.0,20.0,0,Roadway Departure Right,0,N,0.0,D,20.0,19.0,F,Y,2.0,Apparently Normal,4.0,0,1,0,Unsafe Speed,For Type of Roadway (Pavement Surface),0,0,0,0,0,0,0,0,0,0,0,0,0,0,0,0,0,0,0,0,0,0,0,0,0,0,0,0,0,0,0,1,0,0,0,1,0
300391552,Tulsa,tulsa,,City Street,1,80.0,99.0,property_damage,0.0,0,0.0,0.0,0.0,F-O TRAFF-SIGN,FIXED-OBJECT,36.1680252,-95.9128985,2018,2018-12-08,3.37,1,0,N,       ,N,N,0,Clear,Dark / Lighted,1.0,20.0,0,Roadway Departure Left,0,Y,0.0,D,20.0,0.0,9,Y,1.0,Unknown,99.0,0,0,0,Unsafe Speed,Exceeding Legal Limit,0,0,0,0,0,0,0,0,0,0,0,0,0,0,0,0,0,0,0,0,0,0,0,0,0,0,0,0,0,0,0,1,0,0,0,0,0
300391555,Washington,northern,US-75,US Route,0,0.0,0.0,non_incapacitating_injury,1.0,0,0.0,1.0,0.0,REAR-END,REAR-END,36.6769863,-95.9351714,2018,2018-12-07,7.29,2,0,N,       ,N,N,0,Cloudy,Daylight,1.0,3.0,0,No Roadway Departure,0,N,0.0,D,4.0,20.0,M,Y,1.0,Apparently Normal,4.0,0,0,0,Unsafe Speed,Other,0,0,0,0,0,0,0,0,0,0,0,0,0,0,0,0,0,0,0,0,0,0,0,0,0,0,0,0,0,0,0,1,0,0,0,0,0
300391639,Delaware,northern,,County Road,0,0.0,0.0,non_incapacitating_injury,1.0,0,0.0,1.0,0.0,F-O CULVERT,FIXED-OBJECT,36.2196,-94.8285,2018,2018-11-28,22.05,1,0,N,       ,Y,N,1,Cloudy,Dark / Unlighted,1.0,19.0,0,Roadway Departure Left,0,N,0.0,D,2.0,23.0,M,Y,3.0,Odor of Alcohol Beverage,1.0,0,0,0,Unsafe Speed,For Type of Roadway (Pavement Surface),0,0,0,0,0,0,0,0,0,0,0,0,0,0,0,0,0,0,0,0,0,0,0,0,0,0,0,0,0,0,0,1,0,0,0,1,0
300391724,Ottawa,northern,,County Road,0,99.0,80.0,property_damage,0.0,0,0.0,0.0,0.0,F-O DITCH,FIXED-OBJECT,36.8036,-94.9814,2018,2018-12-04,0.0,1,0,N,       ,N,N,0,Clear,Dark / Unlighted,1.0,19.0,0,Roadway Departure Left,0,N,0.0,D,1.0,0.0,9,Y,1.0,Unknown,99.0,0,0,0,Unsafe Speed,For Type of Roadway (Pavement Surface),0,0,0,0,0,0,0,0,0,0,0,0,0,0,0,0,0,0,0,0,0,0,0,0,0,0,0,0,0,0,0,1,0,0,0,1,0
300391733,Tulsa,tulsa,SH-11,State Highway,0,0.0,0.0,property_damage,0.0,0,0.0,0.0,0.0,REAR-END,REAR-END,36.1801948,-95.8871647,2018,2018-12-07,10.59,2,1,N,       ,N,N,0,Clear,Daylight,1.0,3.0,0,No Roadway Departure,0,N,0.0,D,2.0,60.0,M,Y,1.0,"Emotional (depressed, angry, disturbed, etc.)",4.0,0,0,0,Unsafe Speed,For Traffic Conditions,0,0,0,0,0,0,0,0,0,0,0,0,0,0,0,0,0,0,0,0,0,0,0,0,0,0,0,0,0,0,0,1,0,0,0,0,0
300391758,Tulsa,tulsa,,City Street,1,99.0,80.0,property_damage,0.0,0,0.0,0.0,0.0,RIGHT-ANGLE,RIGHT-ANGLE,36.1748,-95.940302,2018,2018-12-11,0.0,2,0,N,       ,N,N,0,Clear,Dark / Lighted,1.0,1.0,0,Roadway Departure Left,0,Y,0.0,D,2.0,38.0,M,Y,1.0,Apparently Normal,4.0,0,0,0,Unsafe Speed,Exceeding Legal Limit,0,0,0,0,0,0,0,0,0,0,0,0,0,0,0,0,0,0,0,0,0,0,0,0,0,0,0,0,0,0,0,1,0,0,0,0,0
300391791,Rogers,northern,I-44,Turnpike Interstate,0,32.0,0.0,property_damage,0.0,0,0.0,0.0,0.0,F-O DITCH,FIXED-OBJECT,36.1682111,-95.7319755,2018,2018-12-05,20.43,1,1,N,       ,N,N,0,Clear,Dark / Unlighted,1.0,19.0,0,Roadway Departure Left,0,N,0.0,D,10.0,26.0,M,Y,1.0,Apparently Normal,4.0,0,0,0,Unsafe Speed,On Curve/Turn,0,0,0,0,0,0,0,0,0,0,0,0,0,0,0,0,0,0,0,0,0,0,0,0,0,0,0,0,0,0,0,1,0,0,0,1,0
300391862,Mayes,northern,,County Road,0,99.0,80.0,property_damage,0.0,0,0.0,0.0,0.0,F-O TREE,FIXED-OBJECT,36.424,-95.1307,2018,2018-12-09,17.38,1,0,N,       ,N,N,0,Cloudy,Dark / Unlighted,1.0,20.0,0,Roadway Departure Right,0,N,0.0,D,2.0,54.0,F,Y,1.0,Apparently Normal,4.0,0,0,0,Unsafe Speed,On Curve/Turn,0,0,0,0,0,0,0,0,0,0,0,0,0,0,0,0,0,0,0,0,0,0,0,0,0,0,0,0,0,0,0,1,0,0,0,1,0
300391908,Tulsa,tulsa,SH-11,State Highway,0,0.0,0.0,property_damage,0.0,0,0.0,0.0,0.0,REAR-END,REAR-END,36.1964799,-95.9183061,2018,2018-12-04,16.06,3,0,N,       ,N,N,0,Clear,Daylight,1.0,3.0,0,Roadway Departure Left,0,Y,0.0,D,2.0,0.0,9,Y,1.0,Unknown,99.0,0,0,0,Unsafe Speed,For Traffic Conditions,0,0,0,0,0,0,0,0,0,0,0,0,0,0,0,0,0,0,0,0,0,0,0,0,0,0,0,0,0,0,0,1,0,0,0,0,0
300391909,Tulsa,tulsa,US-169,US Route,1,20.0,0.0,property_damage,0.0,0,0.0,0.0,0.0,ROLLOVER,ROLLOVER,36.2205108,-95.8516327,2018,2018-12-11,13.0,1,1,N,       ,N,N,0,Clear,Daylight,1.0,20.0,0,No Roadway Departure,0,N,0.0,D,8.0,24.0,M,Y,1.0,Apparently Normal,4.0,0,0,0,Unsafe Speed,Other,0,0,0,0,0,0,0,0,0,0,0,0,0,0,0,0,0,0,0,0,0,0,0,0,0,0,0,0,0,0,0,1,0,0,0,0,0
300391932,Tulsa,tulsa,,City Street,5,99.0,80.0,property_damage,0.0,0,0.0,0.0,0.0,REAR-END,REAR-END,36.16283381,-95.9045676,2018,2018-12-11,20.0,2,0,N,       ,N,N,0,Clear,Dark / Lighted,1.0,3.0,0,No Roadway Departure,0,Y,0.0,D,2.0,0.0,9,Y,1.0,Unknown,99.0,0,0,0,Unsafe Speed,For Traffic Conditions,0,0,0,0,0,0,0,0,0,0,0,0,0,0,0,0,0,0,0,0,0,0,0,0,0,0,0,0,0,0,0,1,0,0,0,0,0
300391938,Tulsa,tulsa,,City Street,5,99.0,80.0,property_damage,0.0,0,0.0,0.0,0.0,OTHER,OTHER,36.16288251,-95.933607,2018,2018-12-09,9.0,2,0,N,       ,N,N,0,Clear,Daylight,1.0,36.0,0,No Roadway Departure,0,N,0.0,D,2.0,19.0,F,Y,1.0,Apparently Normal,4.0,0,1,0,Unsafe Speed,Other Weather Condition,0,0,0,0,0,0,0,0,0,0,0,0,0,0,0,0,0,0,0,0,0,0,0,0,0,0,0,0,0,0,0,1,0,0,0,0,0
300391939,Tulsa,tulsa,,City Street,1,0.0,0.0,non_incapacitating_injury,1.0,0,0.0,1.0,2.0,REAR-END,REAR-END,36.1698588,-95.9224624,2018,2018-12-08,10.45,2,0,N,       ,N,N,0,Cloudy,Daylight,1.0,2.0,0,No Roadway Departure,0,N,0.0,D,2.0,25.0,F,Y,3.0,Apparently Normal,4.0,0,0,0,Unsafe Speed,For Traffic Conditions,0,0,0,0,0,0,0,0,0,0,0,0,0,0,0,0,0,0,0,0,0,0,0,0,0,0,0,0,0,0,0,1,0,0,0,0,0
300391941,Craig,northern,US-60,US Route,1,0.0,0.0,property_damage,0.0,0,0.0,0.0,0.0,F-O DITCH,FIXED-OBJECT,36.6506658,-95.2847702,2018,2018-12-10,15.32,1,0,N,       ,N,N,0,Clear,Daylight,1.0,20.0,0,Roadway Departure Left,0,N,0.0,D,2.0,45.0,M,Y,1.0,Apparently Normal,4.0,0,0,0,Unsafe Speed,Other,0,0,0,0,0,0,0,0,0,0,0,0,0,0,0,0,0,0,0,0,0,0,0,0,0,0,0,0,0,0,0,1,0,0,0,0,0
300392005,Craig,northern,,County Road,0,99.0,80.0,property_damage,0.0,0,0.0,0.0,0.0,F-O FENCE,FIXED-OBJECT,36.6453,-95.0893,2018,2018-12-06,13.36,1,0,N,       ,N,N,0,Clear,Daylight,1.0,20.0,0,Roadway Departure Left,0,Y,0.0,D,4.0,27.0,M,Y,1.0,Apparently Normal,4.0,0,0,0,Unsafe Speed,For Type of Roadway (Pavement Surface),0,0,0,0,0,0,0,0,0,0,0,0,0,0,0,0,0,0,0,0,0,0,0,0,0,0,0,0,0,0,0,1,0,0,0,0,0
300392011,Delaware,northern,SH-28,State Highway,0,0.0,0.0,non_incapacitating_injury,1.0,0,0.0,1.0,0.0,F-O TREE,FIXED-OBJECT,36.4687644,-94.9341375,2018,2018-12-11,20.13,1,0,N,       ,N,N,0,Clear,Dark / Unlighted,1.0,20.0,0,Roadway Departure Right,0,N,0.0,D,20.0,32.0,F,Y,3.0,Apparently Normal,4.0,0,0,0,Unsafe Speed,On Curve/Turn,0,0,0,0,0,0,0,0,0,0,0,0,0,0,0,0,0,0,0,0,0,0,0,0,0,0,0,0,0,0,0,1,0,0,0,1,0
300392144,Sequoyah,southern,US-64,US Route,0,0.0,0.0,property_damage,0.0,0,0.0,0.0,0.0,F-O GUARDRL-END,FIXED-OBJECT,35.3976394,-94.4411573,2018,2018-12-13,11.11,1,0,N,       ,N,N,0,Rain,Daylight,2.0,20.0,0,Roadway Departure Right,0,N,0.0,D,1.0,19.0,M,Y,1.0,Apparently Normal,4.0,0,1,0,Unsafe Speed,Rain or Wet Roadway,0,0,0,0,0,0,0,0,0,0,0,0,0,0,0,0,0,0,0,0,0,0,0,0,0,0,0,0,0,0,0,1,0,0,1,0,0
300392195,Tulsa,tulsa,US-75,US Route,0,0.0,0.0,property_damage,0.0,0,0.0,0.0,0.0,REAR-END,REAR-END,36.2347002,-95.9449988,2018,2018-12-13,8.05,3,0,N,       ,N,N,0,Rain,Daylight,2.0,3.0,0,No Roadway Departure,0,N,0.0,D,4.0,36.0,M,Y,1.0,Apparently Normal,4.0,0,0,0,Unsafe Speed,Rain or Wet Roadway,0,0,0,0,0,0,0,0,0,0,0,0,0,0,0,0,0,0,0,0,0,0,0,0,0,0,0,0,0,0,0,1,0,0,1,0,0
300392409,Tulsa,tulsa,SH-11,State Highway,0,0.0,0.0,property_damage,0.0,0,0.0,0.0,0.0,F-O BARR-CABLE,FIXED-OBJECT,36.1991606,-95.9283685,2018,2018-12-13,15.11,1,0,N,       ,N,N,0,Rain,Daylight,2.0,19.0,0,Roadway Departure Left,0,N,0.0,D,3.0,36.0,M,Y,1.0,Apparently Normal,4.0,0,0,0,Unsafe Speed,Rain or Wet Roadway,0,0,0,0,0,0,0,0,0,0,0,0,0,0,0,0,0,0,0,0,0,0,0,0,0,0,0,0,0,0,0,1,0,0,1,0,0