crash_id,county,region,highway_name,highway_class,intersection_rel,special_feature_1,special_feature_2,severity_level,visual_injured_num,fatal_num,suspected_serious_injured_num,non_incapacitated_injured_num,possibly_injured_num,crash_type,main_crash_type,latitude,longitude,year,date,time,number_of_vehicles,number_of_commercial_vehicles,work_zone,railroad_crossing,alcohol,drug,Alcohol or Drug,weather_condition,lighting_condition,road_condition,manner_of_collision,pedestrians_num,roadway_departure,cross_centerline,hit_and_run,emergency_vehicle_use,unit_type,vehicle_type,age,sex,driver_of_vehicle,injury_severity,person_condition,restraint_use,older_driver,teen_driver,Sleepy/Ill/Dizzy Driver,unsafe_unlaw_category,unsafe_unlaw_desc,Abnormal Traffic Control,Alcohol-DUI/DWI,Animal in Roadway,Apparently Sleepy,Avoiding Other Vehicle,Avoiding Pedestrian,Changed Lanes Unsafely,Deer in Roadway,Defect in Roadway,Disregarded Warning Signal,Domestic Animal in Roadway,Drug-DUI,Failed to Secure Load,Failed to Signal,Failed to Stop,Failed to Yield,Followed too Closely,Improper Backing,Improper Bicyclist Action,Improper Overtaking,Improper Parking,Improper Start From,Improper Turn,Improper Use of Lane,Distraction,Left of Center,No Improper Action by Driver,Object/Debris in Roadway,Other Improper Act/Movement,Pedestrian Action,Stopped in Traffic Lane,Speeding,Unsafe Vehicle,Wrong Way,Bad Weather,Bad Lighting,Bad Road Condition
300432654,Delaware,northern,SH-116,State Highway,0,0.0,0.0,non_incapacitating_injury,1.0,0,0.0,1.0,0.0,ROLLOVER,ROLLOVER,36.26469499,-94.61226258,2019,2019-09-13,6.26,1,1,N,       ,N,N,0,Cloudy,Dark / Unlighted,1.0,20.0,0,Roadway Departure Right,0,N,0.0,D,10.0,46.0,M,Y,3.0,Apparently Normal,4.0,0,0,0,Unsafe Speed,On Curve/Turn,0,0,0,0,0,0,0,0,0,0,0,0,0,0,0,0,0,0,0,0,0,0,0,0,0,0,0,0,0,0,0,1,0,0,0,1,0
300432846,Sequoyah,southern,I-40,Interstate,0,0.0,0.0,property_damage,0.0,0,0.0,0.0,0.0,F-O GUARDRL-FACE,FIXED-OBJECT,35.44426314,-94.45803536,2019,2019-09-20,10.4,2,1,N,       ,N,N,0,Rain,Daylight,2.0,19.0,0,Roadway Departure Left,0,N,0.0,D,2.0,47.0,M,Y,1.0,Apparently Normal,4.0,0,0,0,Unsafe Speed,Rain or Wet Roadway,0,0,0,0,0,0,0,0,0,0,0,0,0,0,0,0,0,0,0,0,0,0,0,0,0,0,0,0,0,0,0,1,0,0,1,0,0
300432865,Cherokee,southern,,County Road,0,99.0,80.0,property_damage,0.0,0,0.0,0.0,0.0,REAR-END,REAR-END,35.813,-95.1806,2019,2019-09-17,7.36,2,0,N,       ,N,N,0,Cloudy,Daylight,1.0,4.0,0,No Roadway Departure,0,N,0.0,D,20.0,16.0,M,Y,1.0,Apparently Normal,4.0,0,1,0,Unsafe Speed,For Traffic Conditions,0,0,0,0,0,0,0,0,0,0,0,0,0,0,0,0,0,0,0,0,0,0,0,0,0,0,0,0,0,0,0,1,0,0,0,0,0
300432878,Craig,northern,I-44,Turnpike Interstate,0,30.0,0.0,non_incapacitating_injury,1.0,0,0.0,1.0,0.0,ROLLOVER,ROLLOVER,36.56413125,-95.2158182,2019,2019-09-16,12.0,1,0,N,       ,N,N,0,Clear,Daylight,1.0,20.0,0,Roadway Departure Right,0,N,0.0,D,15.0,64.0,M,Y,3.0,Apparently Normal,7.0,0,0,0,Unsafe Speed,On Curve/Turn,0,0,0,0,0,0,0,0,0,0,0,0,0,0,0,0,0,0,0,0,0,0,0,0,0,0,0,0,0,0,0,1,0,0,0,0,0
300432985,Tulsa,tulsa,,City Street,7,0.0,0.0,possible_injury,0.0,0,0.0,0.0,1.0,REAR-END,REAR-END,36.18938359,-95.9758373,2019,2019-09-20,16.4,2,0,N,       ,N,N,0,Cloudy,Daylight,1.0,2.0,0,No Roadway Departure,0,N,0.0,D,1.0,31.0,F,Y,2.0,Apparently Normal,4.0,0,0,0,Unsafe Speed,For Traffic Conditions,0,0,0,0,0,0,0,0,0,0,0,0,0,0,0,0,0,0,0,0,0,0,0,0,0,0,0,0,0,0,0,1,0,0,0,0,0
300433035,Tulsa,tulsa,US-75,US Route,0,72.0,0.0,property_damage,0.0,0,0.0,0.0,0.0,REAR-END,REAR-END,36.2061157,-95.94661669,2019,2019-09-23,17.2,3,0,N,       ,N,N,0,Clear,Daylight,1.0,3.0,0,No Roadway Departure,0,N,0.0,D,2.0,28.0,F,Y,1.0,Apparently Normal,4.0,0,0,0,Unsafe Speed,For Traffic Conditions,0,0,0,0,0,0,0,0,0,0,0,0,0,0,0,0,0,0,0,0,0,0,0,0,0,0,0,0,0,0,0,1,0,0,0,0,0
300433070,Tulsa,tulsa,SH-11,State Highway,0,5.0,0.0,possible_injury,0.0,0,0.0,0.0,1.0,REAR-END,REAR-END,36.22289381,-95.97564198,2019,2019-09-23,14.55,2,0,N,       ,N,N,0,Clear,Daylight,1.0,3.0,0,No Roadway Departure,0,N,0.0,D,20.0,21.0,F,Y,1.0,Apparently Normal,4.0,0,0,0,Unsafe Speed,For Traffic Conditions,0,0,0,0,0,0,0,0,0,0,0,0,0,0,0,0,0,0,0,0,0,0,0,0,0,0,0,0,0,0,0,1,0,0,0,0,0
300433074,Tulsa,tulsa,I-244,Interstate,0,0.0,0.0,non_incapacitating_injury,1.0,0,0.0,1.0,2.0,REAR-END,REAR-END,36.16417627,-95.86869857,2019,2019-09-05,17.54,3,0,N,       ,N,N,0,Clear,Daylight,1.0,3.0,0,Roadway Departure Right,0,N,0.0,D,2.0,31.0,M,Y,2.0,Apparently Normal,4.0,0,0,0,Unsafe Speed,For Traffic Conditions,0,0,0,0,0,0,0,0,0,0,0,0,0,0,0,0,0,0,0,0,0,0,0,0,0,0,0,0,0,0,0,1,0,0,0,0,0
300433176,Mayes,northern,SH412B,State Highway,0,0.0,0.0,property_damage,0.0,0,0.0,0.0,0.0,ROLLOVER,ROLLOVER,36.2184671,-95.27950063,2019,2019-09-21,13.09,1,0,N,       ,N,N,0,Cloudy,Daylight,1.0,20.0,0,Roadway Departure Right,0,N,0.0,D,4.0,24.0,M,Y,1.0,Apparently Normal,1.0,0,0,0,Unsafe Speed,On Curve/Turn,0,0,0,0,0,0,0,0,0,0,0,0,0,0,0,0,0,0,0,0,0,0,0,0,0,0,0,0,0,0,0,1,0,0,0,0,0
300433187,Sequoyah,southern,,County Road,1,0.0,0.0,incapacitating_injury,1.0,0,1.0,0.0,0.0,F-O TREE,FIXED-OBJECT,35.6093,-94.6659,2019,2019-09-24,9.43,1,0,N,       ,N,N,0,Rain,Daylight,5.0,41.0,0,Roadway Departure Left,0,N,0.0,D,20.0,58.0,F,Y,4.0,Apparently Normal,4.0,0,0,0,Unsafe Speed,For Type of Roadway (Pavement Surface),0,0,0,0,0,0,0,0,0,0,0,0,0,0,0,0,0,0,0,0,0,0,0,0,0,0,0,0,0,0,0,1,0,0,1,0,1
300433222,Craig,northern,I-44,Turnpike Interstate,0,0.0,0.0,non_incapacitating_injury,1.0,0,0.0,1.0,0.0,F-O BARR-CONCRETE,FIXED-OBJECT,36.68510993,-95.03173376,2019,2019-09-22,11.05,1,0,N,       ,N,N,0,Rain,Daylight,2.0,19.0,0,Roadway Departure Left,0,N,0.0,D,20.0,64.0,F,Y,3.0,Apparently Normal,4.0,0,0,0,Unsafe Speed,Rain or Wet Roadway,0,0,0,0,0,0,0,0,0,0,0,0,0,0,0,0,0,0,0,0,0,0,0,0,0,0,0,0,0,0,0,1,0,0,1,0,0
300433235,Mayes,northern,US412A,US Route,0,0.0,0.0,incapacitating_injury,1.0,0,1.0,0.0,0.0,F-O DITCH,FIXED-OBJECT,36.17619212,-95.26082037,2019,2019-09-19,8.29,1,0,N,       ,N,N,0,Clear,Daylight,1.0,20.0,0,Roadway Departure Right,0,N,0.0,D,1.0,59.0,M,Y,4.0,Apparently Normal,4.0,0,0,0,Unsafe Speed,On Curve/Turn,0,0,0,0,0,0,0,0,0,0,0,0,0,0,0,0,0,0,0,0,0,0,0,0,0,0,0,0,0,0,0,1,0,0,0,0,0
300433260,Adair,southern,SH-100,State Highway,0,0.0,0.0,possible_injury,0.0,0,0.0,0.0,1.0,F-O FENCE,FIXED-OBJECT,35.77182229,-94.75971593,2019,2019-09-20,9.48,1,0,N,       ,N,N,0,Rain,Daylight,2.0,19.0,0,Roadway Departure Left,0,N,0.0,D,4.0,29.0,F,Y,1.0,Apparently Normal,4.0,0,0,0,Unsafe Speed,Rain or Wet Roadway,0,0,0,0,0,0,0,0,0,0,0,0,0,0,0,0,0,0,0,0,0,0,0,0,0,0,0,0,0,0,0,1,0,0,1,0,0
300433353,Delaware,northern,SH-20,State Highway,1,0.0,0.0,property_damage,0.0,0,0.0,0.0,0.0,F-O DITCH,FIXED-OBJECT,36.41578435,-94.70213098,2019,2019-09-25,11.46,1,0,N,       ,N,N,0,Clear,Daylight,1.0,20.0,0,Roadway Departure Right,0,Y,0.0,D,1.0,0.0,9,Y,1.0,Unknown,99.0,0,0,0,Unsafe Speed,On Curve/Turn,0,0,0,0,0,0,0,0,0,0,0,0,0,0,0,0,0,0,0,0,0,0,0,0,0,0,0,0,0,0,0,1,0,0,0,0,0
300433532,Tulsa,tulsa,,City Street,6,0.0,0.0,possible_injury,0.0,0,0.0,0.0,1.0,REAR-END,REAR-END,36.1915648,-95.95788527,2019,2019-09-26,8.11,2,0,N,       ,N,N,0,Rain,Daylight,2.0,3.0,0,No Roadway Departure,0,N,0.0,D,20.0,41.0,F,Y,2.0,Apparently Normal,4.0,0,0,0,Unsafe Speed,For Traffic Conditions,0,0,0,0,0,0,0,0,0,0,0,0,0,0,0,0,0,0,0,0,0,0,0,0,0,0,0,0,0,0,0,1,0,0,1,0,0
300433593,Tulsa,northern,,County Road,0,0.0,0.0,possible_injury,0.0,0,0.0,0.0,1.0,ROLLOVER,ROLLOVER,36.2785,-95.9142,2019,2019-09-26,10.56,1,0,N,       ,N,N,0,Rain,Daylight,2.0,20.0,0,Roadway Departure Right,0,N,0.0,D,20.0,19.0,M,Y,2.0,Apparently Normal,4.0,0,1,0,Unsafe Speed,Rain or Wet Roadway,0,0,0,0,0,0,0,0,0,0,0,0,0,0,0,0,0,0,0,0,0,0,0,0,0,0,0,0,0,0,0,1,0,0,1,0,0
300433702,Mayes,northern,,County Road,0,80.0,99.0,property_damage,0.0,0,0.0,0.0,0.0,F-O FENCE,FIXED-OBJECT,36.4126,-95.1517,2019,2019-09-24,5.55,1,0,N,       ,N,N,0,Rain,Dark / Unlighted,2.0,19.0,0,Roadway Departure Left,0,N,0.0,D,2.0,29.0,M,Y,1.0,Apparently Normal,4.0,0,0,0,Unsafe Speed,Rain or Wet Roadway,0,0,0,0,0,0,0,0,0,0,0,0,0,0,0,0,0,0,0,0,0,0,0,0,0,0,0,0,0,0,0,1,0,0,1,1,0
300433819,Cherokee,southern,SH-51,State Highway,0,0.0,0.0,property_damage,0.0,0,0.0,0.0,0.0,ROLLOVER,ROLLOVER,35.90179121,-94.81541903,2019,2019-09-20,11.44,1,0,N,       ,N,N,0,Cloudy,Daylight,1.0,20.0,0,Roadway Departure Right,0,N,0.0,D,2.0,39.0,F,Y,1.0,Apparently Normal,4.0,0,0,0,Unsafe Speed,Vehicle Condition,0,0,0,0,0,0,0,0,0,0,0,0,0,0,0,0,0,0,0,0,0,0,0,0,0,0,0,0,0,0,0,1,0,0,0,0,0
300433938,Cherokee,southern,US-62,US Route,0,0.0,0.0,property_damage,0.0,0,0.0,0.0,0.0,F-O BARR-CABLE,FIXED-OBJECT,35.96902369,-94.8097911,2019,2019-09-29,13.22,1,0,N,       ,N,N,0,Cloudy,Daylight,1.0,19.0,0,Roadway Departure Left,0,N,0.0,D,20.0,22.0,M,Y,1.0,Apparently Normal,4.0,0,0,0,Unsafe Speed,On Curve/Turn,0,0,0,0,0,0,0,0,0,0,0,0,0,0,0,0,0,0,0,0,0,0,0,0,0,0,0,0,0,0,0,1,0,0,0,0,0
300433975,Muskogee,southern,,County Road,0,99.0,80.0,property_damage,0.0,0,0.0,0.0,0.0,SIDESWIPE-OPP,SIDESWIPE-OPP,35.7259,-95.2731,2019,2019-09-26,7.54,2,1,N,       ,N,N,0,Rain,Daylight,2.0,17.0,0,Roadway Departure Left,0,N,0.0,D,4.0,45.0,F,Y,1.0,Apparently Normal,4.0,0,0,0,Unsafe Speed,Rain or Wet Roadway,0,0,0,0,0,0,0,0,0,0,0,0,0,0,0,0,0,0,0,0,0,0,0,0,0,0,0,0,0,0,0,1,0,0,1,0,0
300433978,Sequoyah,southern,I-40,Interstate,0,10.0,5.0,possible_injury,0.0,0,0.0,0.0,1.0,REAR-END,REAR-END,35.45052598,-94.75826394,2019,2019-09-29,18.4,2,0,Y,       ,N,N,0,Clear,Dusk,1.0,3.0,0,No Roadway Departure,0,N,0.0,D,2.0,18.0,M,Y,1.0,Apparently Normal,4.0,0,1,0,Unsafe Speed,For Traffic Conditions,0,0,0,0,0,0,0,0,0,0,0,0,0,0,0,0,0,0,0,0,0,0,0,0,0,0,0,0,0,0,0,1,0,0,0,1,0
300433993,Tulsa,tulsa,,City Street,5,80.0,99.0,property_damage,0.0,0,0.0,0.0,0.0,OTHER,OTHER,36.17740231,-95.9521082,2019,2019-09-29,23.55,3,0,N,       ,N,N,0,Clear,Dark / Unlighted,1.0,19.0,0,Roadway Departure Left,0,Y,0.0,D,4.0,0.0,9,Y,1.0,Unknown,99.0,0,0,0,Unsafe Speed,For Traffic Conditions,0,0,0,0,0,0,0,0,0,0,0,0,0,0,0,0,0,0,0,0,0,0,0,0,0,0,0,0,0,0,0,1,0,0,0,1,0
300434006,Sequoyah,southern,US-64,US Route,0,10.0,0.0,property_damage,0.0,0,0.0,0.0,0.0,F-O GUARDRL-FACE,FIXED-OBJECT,35.40492919,-94.49232993,2019,2019-09-14,6.31,1,1,N,       ,N,N,0,Cloudy,Daylight,1.0,20.0,0,Roadway Departure Right,0,N,0.0,D,10.0,29.0,M,Y,1.0,Apparently Normal,4.0,0,0,0,Unsafe Speed,Other,0,0,0,0,0,0,0,0,0,0,0,0,0,0,0,0,0,0,0,0,0,0,0,0,0,0,0,0,0,0,0,1,0,0,0,0,0
300434007,Sequoyah,southern,I-40,Interstate,0,0.0,0.0,property_damage,0.0,0,0.0,0.0,0.0,F-O BARR-CABLE,FIXED-OBJECT,35.44793257,-94.79875924,2019,2019-09-24,11.23,1,0,N,       ,N,N,0,Rain,Daylight,2.0,19.0,0,Roadway Departure Left,0,N,0.0,D,4.0,19.0,F,Y,1.0,Apparently Normal,4.0,0,1,0,Unsafe Speed,Rain or Wet Roadway,0,0,0,0,0,0,0,0,0,0,0,0,0,0,0,0,0,0,0,0,0,0,0,0,0,0,0,0,0,0,0,1,0,0,1,0,0
300434013,Sequoyah,southern,I-40,Interstate,0,0.0,0.0,property_damage,0.0,0,0.0,0.0,0.0,F-O BARR-CABLE,FIXED-OBJECT,35.39983719,-94.53556962,2019,2019-09-19,21.08,1,0,N,       ,N,N,0,Cloudy,Dark / Unlighted,1.0,19.0,0,Roadway Departure Left,0,N,0.0,D,2.0,24.0,M,Y,1.0,Apparently Normal,4.0,0,0,0,Unsafe Speed,Other,0,0,0,0,0,0,0,0,0,0,0,0,0,0,0,0,0,0,0,0,0,0,0,0,0,0,0,0,0,0,0,1,0,0,0,1,0
300434032,Rogers,northern,I-44,Turnpike Interstate,0,30.0,0.0,property_damage,0.0,0,0.0,0.0,0.0,F-O GROUND,FIXED-OBJECT,36.16821222,-95.73197553,2019,2019-09-12,22.47,1,1,N,       ,N,N,0,Rain,Dark / Unlighted,2.0,20.0,0,Roadway Departure Right,0,N,0.0,D,10.0,50.0,M,Y,1.0,Apparently Normal,4.0,0,0,0,Unsafe Speed,Rain or Wet Roadway,0,0,0,0,0,0,0,0,0,0,0,0,0,0,0,0,0,0,0,0,0,0,0,0,0,0,0,0,0,0,0,1,0,0,1,1,0
300434071,Rogers,northern,I-44,Turnpike Interstate,0,0.0,0.0,property_damage,0.0,0,0.0,0.0,0.0,F-O BARR-CONCRETE,FIXED-OBJECT,36.29289023,-95.60869621,2019,2019-09-21,9.41,1,0,N,       ,N,N,0,Rain,Daylight,2.0,19.0,0,Roadway Departure Right,0,N,0.0,D,20.0,49.0,M,Y,1.0,Apparently Normal,4.0,0,0,0,Unsafe Speed,Rain or Wet Roadway,0,0,0,0,0,0,0,0,0,0,0,0,0,0,0,0,0,0,0,0,0,0,0,0,0,0,0,0,0,0,0,1,0,0,1,0,0
300434078,Ottawa,northern,US-59,US Route,0,30.0,0.0,property_damage,0.0,0,0.0,0.0,0.0,F-O GROUND,FIXED-OBJECT,36.71498252,-94.92753738,2019,2019-09-26,23.38,1,0,N,       ,Y,N,1,Cloudy,Dark / Unlighted,1.0,19.0,0,Roadway Departure Left,0,N,0.0,D,20.0,33.0,M,Y,1.0,Odor of Alcohol Beverage,4.0,0,0,0,Unsafe Speed,On Curve/Turn,0,0,0,0,0,0,0,0,0,0,0,0,0,0,0,0,0,0,0,0,0,0,0,0,0,0,0,0,0,0,0,1,0,0,0,1,0
300434079,Sequoyah,southern,,County Road,0,0.0,0.0,possible_injury,0.0,0,0.0,0.0,1.0,F-O TREE,FIXED-OBJECT,35.5361,-94.7657,2019,2019-09-29,20.06,1,0,N,       ,N,N,0,Clear,Dark / Unlighted,1.0,19.0,0,Roadway Departure Left,0,N,0.0,D,2.0,86.0,M,Y,2.0,Apparently Normal,4.0,1,0,0,Unsafe Speed,On Curve/Turn,0,0,0,0,0,0,0,0,0,0,0,0,0,0,0,0,0,0,0,0,0,0,0,0,0,0,0,0,0,0,0,1,0,0,0,1,0
300434121,Mayes,northern,SH-28,State Highway,0,0.0,0.0,property_damage,0.0,0,0.0,0.0,0.0,F-O GUARDRL-FACE,FIXED-OBJECT,36.43784374,-95.3465424,2019,2019-09-24,8.09,1,0,N,       ,N,N,0,Rain,Daylight,2.0,19.0,0,Roadway Departure Left,0,N,0.0,D,2.0,17.0,F,Y,1.0,Apparently Normal,4.0,0,1,0,Unsafe Speed,Rain or Wet Roadway,0,0,0,0,0,0,0,0,0,0,0,0,0,0,0,0,0,0,0,0,0,0,0,0,0,0,0,0,0,0,0,1,0,0,1,0,0
300434237,Adair,southern,SH-10,State Highway,0,0.0,0.0,possible_injury,0.0,0,0.0,0.0,1.0,F-O TREE,FIXED-OBJECT,36.1496229,-94.78087588,2019,2019-09-24,16.24,1,0,N,       ,N,N,0,Rain,Daylight,2.0,20.0,0,Roadway Departure Right,0,N,0.0,D,20.0,33.0,M,Y,2.0,Apparently Normal,4.0,0,0,0,Unsafe Speed,Rain or Wet Roadway,0,0,0,0,0,0,0,0,0,0,0,0,0,0,0,0,0,0,0,0,0,0,0,0,0,0,0,0,0,0,0,1,0,0,1,0,0
300434292,Wagoner,southern,,County Road,0,99.0,80.0,property_damage,0.0,0,0.0,0.0,0.0,F-O FENCE,FIXED-OBJECT,35.9852,-95.2823,2019,2019-09-30,10.17,1,0,N,       ,N,N,0,Clear,Daylight,1.0,19.0,0,Roadway Departure Left,0,N,0.0,D,2.0,33.0,F,Y,1.0,Apparently Normal,4.0,0,0,0,Unsafe Speed,Other,0,0,0,0,0,0,0,0,0,0,0,0,0,0,0,0,0,0,0,0,0,0,0,0,0,0,0,0,0,0,0,1,0,0,0,0,0
300434305,Craig,northern,I-44,Turnpike Interstate,0,42.0,0.0,property_damage,0.0,0,0.0,0.0,0.0,F-O GUARDRL-FACE,FIXED-OBJECT,36.62998084,-95.13648178,2019,2019-09-27,15.43,1,0,N,       ,N,N,0,Cloudy,Daylight,1.0,20.0,0,Roadway Departure Right,0,N,0.0,D,1.0,18.0,F,Y,1.0,Apparently Normal,4.0,0,1,0,Unsafe Speed,Inexperienced Driver - Young,0,0,0,0,0,0,0,0,0,0,0,0,0,0,0,0,0,0,0,0,0,0,0,0,0,0,0,0,0,0,0,1,0,0,0,0,0
300434455,Craig,northern,,County Road,0,0.0,0.0,possible_injury,0.0,0,0.0,0.0,2.0,ROLLOVER,ROLLOVER,36.7756,-95.0489,2019,2019-09-29,17.06,1,0,N,       ,N,N,0,Clear,Daylight,1.0,19.0,0,Roadway Departure Left,0,N,0.0,D,19.0,19.0,M,Y,2.0,Apparently Normal,1.0,0,1,0,Unsafe Speed,For Type of Roadway (Pavement Surface),0,0,0,0,0,0,0,0,0,0,0,0,0,0,0,0,0,0,0,0,0,0,0,0,0,0,0,0,0,0,0,1,0,0,0,0,0
300434685,Mayes,northern,,County Road,0,0.0,0.0,incapacitating_injury,1.0,0,1.0,0.0,0.0,ROLLOVER,ROLLOVER,36.2199,-95.166,2019,2019-09-29,16.27,1,0,N,       ,N,N,0,Cloudy,Daylight,1.0,37.0,0,Roadway Departure Right,0,N,0.0,D,15.0,16.0,M,Y,4.0,Unknown,7.0,0,1,0,Unsafe Speed,Other,0,0,0,0,0,0,0,0,0,0,0,0,0,0,0,0,0,0,0,0,0,0,0,0,0,0,0,0,0,0,0,1,0,0,0,0,0
300434808,Mayes,northern,,County Road,0,0.0,0.0,incapacitating_injury,2.0,0,1.0,1.0,0.0,F-O FENCE,FIXED-OBJECT,36.3508,-95.3961,2019,2019-09-28,21.29,1,0,N,       ,N,N,0,Clear,Dark / Lighted,5.0,20.0,0,Roadway Departure Right,0,N,0.0,D,19.0,19.0,F,Y,4.0,Apparently Normal,1.0,0,1,0,Unsafe Speed,For Type of Roadway (Pavement Surface),0,0,0,0,0,0,0,0,0,0,0,0,0,0,0,0,0,0,0,0,0,0,0,0,0,0,0,0,0,0,0,1,0,0,0,0,1
300434940,Delaware,northern,,County Road,0,0.0,0.0,non_incapacitating_injury,1.0,0,0.0,1.0,0.0,F-O TREE,FIXED-OBJECT,36.188,-94.7063,2019,2019-10-04,8.12,1,0,N,       ,N,N,0,Clear,Daylight,1.0,19.0,0,Roadway Departure Left,0,N,0.0,D,21.0,48.0,M,Y,3.0,Sleepy,4.0,0,0,1,Unsafe Speed,On Curve/Turn,0,0,0,0,0,0,0,0,0,0,0,0,0,0,0,0,0,0,0,0,0,0,0,0,0,0,0,0,0,0,0,1,0,0,0,0,0
300434941,Delaware,northern,,County Road,0,80.0,99.0,property_damage,0.0,0,0.0,0.0,0.0,F-O TREE,FIXED-OBJECT,36.1616,-94.8628,2019,2019-10-04,11.51,1,0,N,       ,N,N,0,Cloudy,Daylight,1.0,20.0,0,Roadway Departure Right,0,N,0.0,D,1.0,0.0,9,Y,1.0,Unknown,99.0,0,0,0,Unsafe Speed,On Curve/Turn,0,0,0,0,0,0,0,0,0,0,0,0,0,0,0,0,0,0,0,0,0,0,0,0,0,0,0,0,0,0,0,1,0,0,0,0,0
300434997,Rogers,northern,SH-66,State Highway,1,0.0,0.0,property_damage,0.0,0,0.0,0.0,0.0,F-O TRAFF-SIGN,FIXED-OBJECT,36.4229044,-95.53220679,2019,2019-10-06,5.04,1,0,N,       ,N,N,0,Rain,Dark / Unlighted,2.0,19.0,0,Roadway Departure Left,0,N,0.0,D,2.0,52.0,M,Y,1.0,Apparently Normal,4.0,0,0,0,Unsafe Speed,Rain or Wet Roadway,0,0,0,0,0,0,0,0,0,0,0,0,0,0,0,0,0,0,0,0,0,0,0,0,0,0,0,0,0,0,0,1,0,0,1,1,0
300435037,Delaware,northern,SH-127,State Highway,0,0.0,0.0,property_damage,0.0,0,0.0,0.0,0.0,F-O TREE,FIXED-OBJECT,36.50320077,-94.82130071,2019,2019-10-06,12.29,1,0,N,       ,N,N,0,Rain,Daylight,7.0,19.0,0,Roadway Departure Left,0,N,0.0,D,2.0,21.0,F,Y,1.0,Apparently Normal,4.0,0,0,0,Unsafe Speed,Rain or Wet Roadway,0,0,0,0,0,0,0,0,0,0,0,0,0,0,0,0,0,0,0,0,0,0,0,0,0,0,0,0,0,0,0,1,0,0,1,0,1
300435158,Tulsa,tulsa,I-244,Interstate,0,30.0,0.0,possible_injury,0.0,0,0.0,0.0,1.0,ROLLOVER,ROLLOVER,36.16377796,-95.87223692,2019,2019-10-04,10.2,1,1,N,       ,N,N,0,Cloudy,Daylight,1.0,20.0,0,Fixed Object,0,N,0.0,D,10.0,33.0,M,Y,2.0,Apparently Normal,4.0,0,0,0,Unsafe Speed,On Curve/Turn,0,0,0,0,0,0,0,0,0,0,0,0,0,0,0,0,0,0,0,0,0,0,0,0,0,0,0,0,0,0,0,1,0,0,0,0,0
300435199,Tulsa,tulsa,,City Street,7,99.0,80.0,property_damage,0.0,0,0.0,0.0,0.0,OTHER,OTHER,36.21625669,-95.984509,2019,2019-10-06,0.0,2,0,N,       ,N,N,0,Fog/Smoke,Dark / Unlighted,2.0,35.0,0,No Roadway Departure,0,N,0.0,D,2.0,43.0,M,Y,1.0,Apparently Normal,99.0,0,0,0,Unsafe Speed,Driver's Ability (Aged),0,0,0,0,0,0,0,0,0,0,0,0,0,0,0,0,0,0,0,0,0,0,0,0,0,0,0,0,0,0,0,1,0,0,1,1,0
300435321,Ottawa,northern,I-44,Turnpike Interstate,0,0.0,0.0,non_incapacitating_injury,2.0,0,0.0,2.0,0.0,F-O DITCH,FIXED-OBJECT,36.74167125,-94.90789032,2019,2019-10-03,3.16,1,0,N,       ,N,N,0,Clear,Dark / Unlighted,1.0,20.0,0,Roadway Departure Right,0,N,0.0,D,2.0,36.0,F,Y,3.0,Apparently Normal,4.0,0,0,0,Unsafe Speed,Other,0,0,0,0,0,0,0,0,0,0,0,0,0,0,0,0,0,0,0,0,0,0,0,0,0,0,0,0,0,0,0,1,0,0,0,1,0
300435336,McIntosh,southern,,County Road,0,0.0,0.0,non_incapacitating_injury,1.0,0,0.0,1.0,0.0,F-O TREE,FIXED-OBJECT,35.3917,-95.4466,2019,2019-10-05,13.49,1,0,N,       ,N,N,0,Cloudy,Daylight,1.0,20.0,0,Roadway Departure Right,0,N,0.0,D,4.0,38.0,M,Y,3.0,Apparently Normal,1.0,0,0,0,Unsafe Speed,For Type of Roadway (Pavement Surface),0,0,0,0,0,0,0,0,0,0,0,0,0,0,0,0,0,0,0,0,0,0,0,0,0,0,0,0,0,0,0,1,0,0,0,0,0
300435440,Cherokee,southern,,County Road,0,0.0,0.0,possible_injury,0.0,0,0.0,0.0,2.0,F-O EMBANKMENT,FIXED-OBJECT,36.0475,-95.1904,2019,2019-10-07,3.49,1,0,N,       ,N,N,0,Cloudy,Dark / Unlighted,2.0,20.0,0,Roadway Departure Right,0,N,0.0,D,4.0,43.0,M,Y,2.0,Unknown,4.0,0,0,0,Unsafe Speed,For Type of Roadway (Pavement Surface),0,0,0,0,0,0,0,0,0,0,0,0,0,0,0,0,0,0,0,0,0,0,0,0,0,0,0,0,0,0,0,1,0,0,0,1,0
300435459,Delaware,northern,US-59,US Route,0,0.0,0.0,property_damage,0.0,0,0.0,0.0,0.0,F-O DITCH,FIXED-OBJECT,36.45988106,-94.78238711,2019,2019-10-06,14.06,1,0,N,       ,N,N,0,Rain,Daylight,2.0,20.0,0,Roadway Departure Right,0,N,0.0,D,2.0,70.0,M,Y,1.0,Apparently Normal,4.0,1,0,0,Unsafe Speed,Rain or Wet Roadway,0,0,0,0,0,0,0,0,0,0,0,0,0,0,0,0,0,0,0,0,0,0,0,0,0,0,0,0,0,0,0,1,0,0,1,0,0
300435493,Muskogee,southern,MUSTPK,Turnpike,0,0.0,0.0,property_damage,0.0,0,0.0,0.0,0.0,F-O BARR-CABLE,FIXED-OBJECT,35.5391959,-95.22394293,2019,2019-10-04,16.3,1,0,N,       ,N,N,0,Rain,Daylight,2.0,19.0,0,Roadway Departure Left,0,N,0.0,D,20.0,65.0,M,Y,1.0,Apparently Normal,4.0,1,0,0,Unsafe Speed,Rain or Wet Roadway,0,0,0,0,0,0,0,0,0,0,0,0,0,0,0,0,0,0,0,0,0,0,0,0,0,0,0,0,0,0,0,1,0,0,1,0,0