crash_id,county,region,highway_name,highway_class,intersection_rel,special_feature_1,special_feature_2,severity_level,visual_injured_num,fatal_num,suspected_serious_injured_num,non_incapacitated_injured_num,possibly_injured_num,crash_type,main_crash_type,latitude,longitude,year,date,time,number_of_vehicles,number_of_commercial_vehicles,work_zone,railroad_crossing,alcohol,drug,Alcohol or Drug,weather_condition,lighting_condition,road_condition,manner_of_collision,pedestrians_num,roadway_departure,cross_centerline,hit_and_run,emergency_vehicle_use,unit_type,vehicle_type,age,sex,driver_of_vehicle,injury_severity,person_condition,restraint_use,older_driver,teen_driver,Sleepy/Ill/Dizzy Driver,unsafe_unlaw_category,unsafe_unlaw_desc,Abnormal Traffic Control,Alcohol-DUI/DWI,Animal in Roadway,Apparently Sleepy,Avoiding Other Vehicle,Avoiding Pedestrian,Changed Lanes Unsafely,Deer in Roadway,Defect in Roadway,Disregarded Warning Signal,Domestic Animal in Roadway,Drug-DUI,Failed to Secure Load,Failed to Signal,Failed to Stop,Failed to Yield,Followed too Closely,Improper Backing,Improper Bicyclist Action,Improper Overtaking,Improper Parking,Improper Start From,Improper Turn,Improper Use of Lane,Distraction,Left of Center,No Improper Action by Driver,Object/Debris in Roadway,Other Improper Act/Movement,Pedestrian Action,Stopped in Traffic Lane,Speeding,Unsafe Vehicle,Wrong Way,Bad Weather,Bad Lighting,Bad Road Condition
300451255,Cherokee,southern,,County Road,0,76.0,0.0,non_incapacitating_injury,1.0,0,0.0,1.0,0.0,F-O DITCH,FIXED-OBJECT,36.0604,-95.0305,2020,2020-01-22,6.06,1,0,N,       ,N,N,0,Snow,Dark / Unlighted,4.0,19.0,0,Roadway Departure Left,0,N,0.0,D,20.0,60.0,M,Y,3.0,Apparently Normal,4.0,0,0,0,Unsafe Speed,For Ice or Snow on Roadway,0,0,0,0,0,0,0,0,0,0,0,0,0,0,0,0,0,0,0,0,0,0,0,0,0,0,0,0,0,0,0,1,0,0,1,1,1
300451257,Cherokee,southern,SH-82,State Highway,0,0.0,0.0,property_damage,0.0,0,0.0,0.0,0.0,F-O GUARDRL-FACE,FIXED-OBJECT,35.71281975,-94.92059487,2020,2020-01-17,14.07,1,0,N,       ,N,N,0,Rain,Daylight,2.0,20.0,0,Roadway Departure Right,0,N,0.0,D,20.0,19.0,F,Y,1.0,Apparently Normal,4.0,0,1,0,Unsafe Speed,Rain or Wet Roadway,0,0,0,0,0,0,0,0,0,0,0,0,0,0,0,0,0,0,0,0,0,0,0,0,0,0,0,0,0,0,0,1,0,0,1,0,0
300451258,Cherokee,southern,,County Road,0,80.0,99.0,property_damage,0.0,0,0.0,0.0,0.0,ROLLOVER,ROLLOVER,35.7983,-94.9795,2020,2020-01-19,13.35,1,0,N,       ,N,N,0,Clear,Daylight,1.0,37.0,0,Roadway Departure Right,0,N,0.0,D,2.0,51.0,F,Y,1.0,Apparently Normal,4.0,0,0,0,Unsafe Speed,Other,0,0,0,0,0,0,0,0,0,0,0,0,0,0,0,0,0,0,0,0,0,0,0,0,0,0,0,0,0,0,0,1,0,0,0,0,0
300451305,Delaware,northern,,County Road,0,80.0,99.0,property_damage,0.0,0,0.0,0.0,0.0,F-O TREE,FIXED-OBJECT,36.3996,-94.7305,2020,2020-01-25,6.54,1,0,N,       ,N,N,0,Clear,Dawn,1.0,20.0,0,Roadway Departure Right,0,N,0.0,D,20.0,47.0,M,Y,1.0,Apparently Normal,1.0,0,0,0,Unsafe Speed,On Curve/Turn,0,0,0,0,0,0,0,0,0,0,0,0,0,0,0,0,0,0,0,0,0,0,0,0,0,0,0,0,0,0,0,1,0,0,0,1,0
300451391,Tulsa,tulsa,,City Street,8,0.0,0.0,non_incapacitating_injury,1.0,0,0.0,1.0,0.0,OTHER,OTHER,36.1771324,-95.94682343,2020,2020-01-18,18.02,1,0,N,       ,N,N,0,Clear,Dark / Lighted,1.0,20.0,0,Roadway Departure Right,0,Y,0.0,D,2.0,26.0,M,Y,3.0,Apparently Normal,4.0,0,0,0,Unsafe Speed,For Traffic Conditions,0,0,0,0,0,0,0,0,0,0,0,0,0,0,0,0,0,0,0,0,0,0,0,0,0,0,0,0,0,0,0,1,0,0,0,0,0
300451464,Craig,northern,I-44,Interstate,0,10.0,0.0,property_damage,0.0,0,0.0,0.0,0.0,F-O BARR-CONCRETE,FIXED-OBJECT,36.56603015,-95.2145026,2020,2020-01-11,8.04,1,0,N,       ,N,N,0,Sleet/Hail/Freezing Rain,Daylight,3.0,19.0,0,Roadway Departure Right,0,N,0.0,D,20.0,35.0,F,Y,1.0,Apparently Normal,4.0,0,0,0,Unsafe Speed,For Ice or Snow on Roadway,0,0,0,0,0,0,0,0,0,0,0,0,0,0,0,0,0,0,0,0,0,0,0,0,0,0,0,0,0,0,0,1,0,0,1,0,1
300451465,Ottawa,northern,I-44,Turnpike Interstate,0,0.0,0.0,property_damage,0.0,0,0.0,0.0,0.0,REAR-END,REAR-END,36.70521678,-94.98262739,2020,2020-01-11,8.5,2,0,N,       ,N,N,0,Sleet/Hail/Freezing Rain,Daylight,3.0,3.0,0,Roadway Departure Left,0,N,0.0,D,20.0,44.0,M,Y,1.0,Apparently Normal,4.0,0,0,0,Unsafe Speed,For Ice or Snow on Roadway,0,0,0,0,0,0,0,0,0,0,0,0,0,0,0,0,0,0,0,0,0,0,0,0,0,0,0,0,0,0,0,1,0,0,1,0,1
300451573,Mayes,northern,,County Road,0,80.0,99.0,property_damage,0.0,0,0.0,0.0,0.0,F-O UTIL-POLE,FIXED-OBJECT,36.118,-95.1417,2020,2020-01-22,7.45,1,0,N,       ,N,N,0,Rain,Daylight,3.0,19.0,0,Roadway Departure Left,0,N,0.0,D,4.0,19.0,M,Y,1.0,Apparently Normal,4.0,0,1,0,Unsafe Speed,For Ice or Snow on Roadway,0,0,0,0,0,0,0,0,0,0,0,0,0,0,0,0,0,0,0,0,0,0,0,0,0,0,0,0,0,0,0,1,0,0,1,0,1
300451608,Sequoyah,southern,,County Road,1,99.0,80.0,property_damage,0.0,0,0.0,0.0,0.0,F-O FENCE,FIXED-OBJECT,35.4828,-94.5488,2020,2020-01-21,8.01,1,0,N,       ,N,N,0,Cloudy,Daylight,3.0,19.0,0,Roadway Departure Left,0,N,0.0,D,20.0,43.0,F,Y,1.0,Apparently Normal,4.0,0,0,0,Unsafe Speed,For Ice or Snow on Roadway,0,0,0,0,0,0,0,0,0,0,0,0,0,0,0,0,0,0,0,0,0,0,0,0,0,0,0,0,0,0,0,1,0,0,0,0,1
300451614,Tulsa,tulsa,,City Street,1,99.0,80.0,property_damage,0.0,0,0.0,0.0,0.0,RIGHT-ANGLE,RIGHT-ANGLE,36.1807834,-95.9498586,2020,2020-01-27,8.5,2,0,N,       ,N,N,0,Clear,Daylight,1.0,1.0,0,No Roadway Departure,0,Y,0.0,D,4.0,0.0,9,Y,1.0,Unknown,99.0,0,0,0,Unsafe Speed,Exceeding Legal Limit,0,0,0,0,0,0,0,0,0,0,0,0,0,0,0,0,0,0,0,0,0,0,0,0,0,0,0,0,0,0,0,1,0,0,0,0,0
300451657,Cherokee,southern,US-62,US Route,0,0.0,0.0,possible_injury,0.0,0,0.0,0.0,1.0,F-O EMBANKMENT,FIXED-OBJECT,35.93198129,-94.83335023,2020,2020-01-24,19.54,1,0,N,       ,N,N,0,Cloudy,Dark / Unlighted,1.0,20.0,0,Roadway Departure Right,0,N,0.0,D,23.0,18.0,F,Y,2.0,Apparently Normal,4.0,0,1,0,Unsafe Speed,On Curve/Turn,0,0,0,0,0,0,0,0,0,0,0,0,0,0,0,0,0,0,0,0,0,0,0,0,0,0,0,0,0,0,0,1,0,0,0,1,0
300451659,Muskogee,southern,US-62,US Route,1,0.0,0.0,property_damage,0.0,0,0.0,0.0,0.0,F-O DITCH,FIXED-OBJECT,35.79841696,-95.18207889,2020,2020-01-26,2.07,1,0,N,       ,Y,N,1,Cloudy,Dark / Lighted,2.0,20.0,0,Roadway Departure Right,0,N,0.0,D,4.0,34.0,M,Y,1.0,Odor of Alcohol Beverage,4.0,0,0,0,Unsafe Speed,Rain or Wet Roadway,0,0,0,0,0,0,0,0,0,0,0,0,0,0,0,0,0,0,0,0,0,0,0,0,0,0,0,0,0,0,0,1,0,0,0,0,0
300451684,Tulsa,tulsa,,City Street,1,0.0,0.0,possible_injury,0.0,0,0.0,0.0,2.0,REAR-END,REAR-END,36.1770771,-95.9157363,2020,2020-01-28,18.02,2,0,N,       ,N,N,0,Rain,Dark / Unlighted,2.0,4.0,0,No Roadway Departure,0,N,0.0,D,20.0,27.0,M,Y,1.0,Apparently Normal,4.0,0,0,0,Unsafe Speed,Rain or Wet Roadway,0,0,0,0,0,0,0,0,0,0,0,0,0,0,0,0,0,0,0,0,0,0,0,0,0,0,0,0,0,0,0,1,0,0,1,1,0
300451719,Tulsa,northern,US-75,US Route,0,0.0,0.0,property_damage,0.0,0,0.0,0.0,0.0,F-O BARR-CABLE,FIXED-OBJECT,36.32123457,-95.92387705,2020,2020-01-11,8.15,1,0,N,       ,N,N,0,Sleet/Hail/Freezing Rain,Daylight,3.0,19.0,0,Roadway Departure Left,0,N,0.0,D,20.0,54.0,M,Y,1.0,Apparently Normal,4.0,0,0,0,Unsafe Speed,For Ice or Snow on Roadway,0,0,0,0,0,0,0,0,0,0,0,0,0,0,0,0,0,0,0,0,0,0,0,0,0,0,0,0,0,0,0,1,0,0,1,0,1
300451887,Sequoyah,southern,US-59,US Route,0,0.0,0.0,property_damage,0.0,0,0.0,0.0,0.0,F-O GUARDRL-FACE,FIXED-OBJECT,35.63458585,-94.67557643,2020,2020-01-10,17.29,1,0,N,       ,N,N,0,Rain,Dark / Unlighted,2.0,20.0,0,Roadway Departure Right,0,N,0.0,D,21.0,46.0,M,Y,1.0,Apparently Normal,4.0,0,0,0,Unsafe Speed,Rain or Wet Roadway,0,0,0,0,0,0,0,0,0,0,0,0,0,0,0,0,0,0,0,0,0,0,0,0,0,0,0,0,0,0,0,1,0,0,1,1,0
300451889,Sequoyah,southern,I-40,Interstate,0,5.0,0.0,property_damage,0.0,0,0.0,0.0,0.0,REAR-END,REAR-END,35.439993,-94.73448324,2020,2020-01-11,7.17,2,1,N,       ,N,N,0,Rain,Dawn,2.0,3.0,0,No Roadway Departure,0,N,0.0,D,2.0,20.0,M,Y,1.0,Apparently Normal,4.0,0,0,0,Unsafe Speed,For Traffic Conditions,0,0,0,0,0,0,0,0,0,0,0,0,0,0,0,0,0,0,0,0,0,0,0,0,0,0,0,0,0,0,0,1,0,0,1,1,0
300451909,Cherokee,southern,,County Road,0,0.0,0.0,non_incapacitating_injury,1.0,0,0.0,1.0,0.0,F-O FENCE,FIXED-OBJECT,35.8128,-95.1095,2020,2020-01-22,4.0,1,0,N,       ,N,N,0,Snow,Dark / Unlighted,6.0,19.0,0,Roadway Departure Left,0,N,0.0,D,4.0,33.0,M,Y,3.0,Apparently Normal,4.0,0,0,0,Unsafe Speed,For Ice or Snow on Roadway,0,0,0,0,0,0,0,0,0,0,0,0,0,0,0,0,0,0,0,0,0,0,0,0,0,0,0,0,0,0,0,1,0,0,1,1,1
300451914,Cherokee,southern,US-62,US Route,0,0.0,0.0,non_incapacitating_injury,1.0,0,0.0,1.0,0.0,SIDESWIPE-OPP,SIDESWIPE-OPP,35.8471626,-95.02501685,2020,2020-01-22,5.28,2,0,N,       ,N,N,0,Snow,Dark / Unlighted,6.0,17.0,0,Crossover Median,0,N,0.0,D,1.0,27.0,F,Y,1.0,Apparently Normal,4.0,0,0,0,Unsafe Speed,For Ice or Snow on Roadway,0,0,0,0,0,0,0,0,0,0,0,0,0,0,0,0,0,0,0,0,0,0,0,0,0,0,0,0,0,0,0,1,0,0,1,1,1
300452034,Rogers,northern,,County Road,0,99.0,80.0,property_damage,0.0,0,0.0,0.0,0.0,F-O FENCE,FIXED-OBJECT,36.3589,-95.7942,2020,2020-01-17,19.3,1,0,N,       ,N,N,0,Rain,Dark / Unlighted,2.0,20.0,0,Roadway Departure Right,0,Y,0.0,D,4.0,0.0,9,Y,1.0,Unknown,99.0,0,0,0,Unsafe Speed,Rain or Wet Roadway,0,0,0,0,0,0,0,0,0,0,0,0,0,0,0,0,0,0,0,0,0,0,0,0,0,0,0,0,0,0,0,1,0,0,1,1,0
300452044,Tulsa,tulsa,,City Street,8,99.0,80.0,property_damage,0.0,0,0.0,0.0,0.0,OTHER,OTHER,36.205995,-95.98491723,2020,2020-01-31,10.4,2,0,N,       ,N,N,0,Clear,Daylight,1.0,19.0,0,Roadway Departure Left,0,N,0.0,D,23.0,49.0,F,Y,1.0,Apparently Normal,4.0,0,0,0,Unsafe Speed,For Traffic Conditions,0,0,0,0,0,0,0,0,0,0,0,0,0,0,0,0,0,0,0,0,0,0,0,0,0,0,0,0,0,0,0,1,0,0,0,0,0
300452080,Delaware,northern,SH-20,State Highway,0,0.0,0.0,incapacitating_injury,2.0,0,2.0,0.0,0.0,SIDESWIPE-OPP,SIDESWIPE-OPP,36.41007249,-94.73961524,2020,2020-01-24,8.45,2,0,N,       ,N,N,0,Cloudy,Daylight,2.0,17.0,0,Roadway Departure Right,0,Y,0.0,D,2.0,19.0,M,Y,1.0,Unknown,99.0,0,1,0,Unsafe Speed,Rain or Wet Roadway,0,0,0,0,0,0,0,0,0,0,0,0,0,0,0,0,0,0,0,0,0,0,0,0,0,0,0,0,0,0,0,1,0,0,0,0,0
300452135,Cherokee,southern,SH-82,State Highway,0,0.0,0.0,property_damage,0.0,0,0.0,0.0,0.0,F-O GUARDRL-FACE,FIXED-OBJECT,35.71537351,-94.9158562,2020,2020-01-26,8.34,1,0,N,       ,N,N,0,Clear,Daylight,2.0,19.0,0,Roadway Departure Left,0,N,0.0,D,1.0,19.0,F,Y,1.0,Apparently Normal,4.0,0,1,0,Unsafe Speed,Rain or Wet Roadway,0,0,0,0,0,0,0,0,0,0,0,0,0,0,0,0,0,0,0,0,0,0,0,0,0,0,0,0,0,0,0,1,0,0,0,0,0
300452209,Delaware,northern,,County Road,0,0.0,0.0,possible_injury,0.0,0,0.0,0.0,1.0,F-O TREE,FIXED-OBJECT,36.5324,-94.7087,2020,2020-01-31,19.04,1,0,N,       ,N,N,0,Clear,Dark / Unlighted,1.0,20.0,0,Roadway Departure Right,0,N,0.0,D,2.0,44.0,M,Y,1.0,Apparently Normal,4.0,0,0,0,Unsafe Speed,View Obstruction,0,0,0,0,0,0,0,0,0,0,0,0,0,0,0,0,0,0,0,0,0,0,0,0,0,0,0,0,0,0,0,1,0,0,0,1,0
300452213,Sequoyah,southern,I-40,Interstate,0,0.0,0.0,non_incapacitating_injury,1.0,0,0.0,1.0,0.0,ROLLOVER,ROLLOVER,35.45469374,-94.86224836,2020,2020-02-01,3.35,1,0,N,       ,N,N,0,Clear,Dark / Unlighted,1.0,20.0,0,Roadway Departure Right,0,N,0.0,D,4.0,69.0,M,Y,3.0,Other,4.0,1,0,0,Unsafe Speed,Driver's Ability (Aged),0,0,0,0,0,0,0,0,0,0,0,0,0,0,0,0,0,0,0,0,0,0,0,0,0,0,0,0,0,0,0,1,0,0,0,1,0
300452314,Tulsa,tulsa,I-244,Interstate,0,30.0,0.0,possible_injury,0.0,0,0.0,0.0,1.0,REAR-END,REAR-END,36.16377796,-95.87223692,2020,2020-01-30,15.55,2,0,N,       ,N,N,0,Cloudy,Daylight,1.0,2.0,0,No Roadway Departure,0,N,0.0,D,23.0,32.0,M,Y,1.0,Apparently Normal,4.0,0,0,0,Unsafe Speed,For Traffic Conditions,0,0,0,0,0,0,0,0,0,0,0,0,0,0,0,0,0,0,0,0,0,0,0,0,0,0,0,0,0,0,0,1,0,0,0,0,0
300452389,Craig,northern,I-44,Turnpike Interstate,0,0.0,0.0,non_incapacitating_injury,1.0,0,0.0,1.0,0.0,F-O TREE,FIXED-OBJECT,36.59478192,-95.19462358,2020,2020-01-17,22.55,1,0,N,       ,N,N,0,Rain,Dark / Unlighted,2.0,20.0,0,Roadway Departure Right,0,N,0.0,D,2.0,23.0,M,Y,3.0,Apparently Normal,1.0,0,0,0,Unsafe Speed,Rain or Wet Roadway,0,0,0,0,0,0,0,0,0,0,0,0,0,0,0,0,0,0,0,0,0,0,0,0,0,0,0,0,0,0,0,1,0,0,1,1,0
300452393,Tulsa,tulsa,,City Street,6,99.0,80.0,property_damage,0.0,0,0.0,0.0,0.0,REAR-END,REAR-END,36.1799346,-95.97553647,2020,2020-01-30,12.5,2,0,N,       ,N,N,0,Cloudy,Daylight,1.0,2.0,0,No Roadway Departure,0,Y,0.0,D,2.0,0.0,F,Y,1.0,Unknown,99.0,0,0,0,Unsafe Speed,For Traffic Conditions,0,0,0,0,0,0,0,0,0,0,0,0,0,0,0,0,0,0,0,0,0,0,0,0,0,0,0,0,0,0,0,1,0,0,0,0,0
300452401,Rogers,northern,SH-66,State Highway,0,0.0,0.0,property_damage,0.0,0,0.0,0.0,0.0,REAR-END,REAR-END,36.21745077,-95.71719061,2020,2020-01-31,13.45,3,0,N,       ,N,N,0,Clear,Daylight,1.0,3.0,0,No Roadway Departure,0,N,0.0,D,20.0,53.0,M,Y,1.0,Apparently Normal,4.0,0,0,0,Unsafe Speed,For Traffic Conditions,0,0,0,0,0,0,0,0,0,0,0,0,0,0,0,0,0,0,0,0,0,0,0,0,0,0,0,0,0,0,0,1,0,0,0,0,0
300452544,Muskogee,southern,,County Road,0,0.0,0.0,non_incapacitating_injury,1.0,0,0.0,1.0,0.0,F-O DITCH,FIXED-OBJECT,35.7186,-95.2342,2020,2020-01-31,9.27,1,0,N,       ,N,N,0,Clear,Daylight,2.0,20.0,0,Roadway Departure Right,0,N,0.0,D,4.0,76.0,M,Y,3.0,Apparently Normal,4.0,1,0,0,Unsafe Speed,On Curve/Turn,0,0,0,0,0,0,0,0,0,0,0,0,0,0,0,0,0,0,0,0,0,0,0,0,0,0,0,0,0,0,0,1,0,0,0,0,0
300452574,Tulsa,tulsa,US-75,US Route,0,0.0,0.0,possible_injury,0.0,0,0.0,0.0,1.0,F-O RET-WALL,FIXED-OBJECT,36.18617723,-95.96039999,2020,2020-02-05,4.45,1,0,N,       ,N,N,0,Sleet/Hail/Freezing Rain,Dark / Lighted,3.0,19.0,0,Roadway Departure Left,0,N,0.0,D,2.0,40.0,F,Y,1.0,Apparently Normal,4.0,0,0,0,Unsafe Speed,For Ice or Snow on Roadway,0,0,0,0,0,0,0,0,0,0,0,0,0,0,0,0,0,0,0,0,0,0,0,0,0,0,0,0,0,0,0,1,0,0,1,0,1
300452619,Tulsa,northern,,County Road,0,99.0,80.0,property_damage,0.0,0,0.0,0.0,0.0,F-O FENCE,FIXED-OBJECT,36.4228,-95.8122,2020,2020-01-27,2.0,1,0,N,       ,N,N,0,Cloudy,Dark / Unlighted,1.0,19.0,0,Roadway Departure Left,0,N,0.0,D,2.0,19.0,M,Y,1.0,Apparently Normal,4.0,0,1,0,Unsafe Speed,On Curve/Turn,0,0,0,0,0,0,0,0,0,0,0,0,0,0,0,0,0,0,0,0,0,0,0,0,0,0,0,0,0,0,0,1,0,0,0,1,0
300452656,Delaware,northern,SH-20,State Highway,0,0.0,0.0,property_damage,0.0,0,0.0,0.0,0.0,F-O BARR-CABLE,FIXED-OBJECT,36.42203911,-94.76306442,2020,2020-02-05,10.25,1,0,N,       ,N,N,0,Sleet/Hail/Freezing Rain,Daylight,6.0,19.0,0,Roadway Departure Left,0,N,0.0,D,1.0,59.0,M,Y,1.0,Apparently Normal,4.0,0,0,0,Unsafe Speed,For Ice or Snow on Roadway,0,0,0,0,0,0,0,0,0,0,0,0,0,0,0,0,0,0,0,0,0,0,0,0,0,0,0,0,0,0,0,1,0,0,1,0,1
300452657,Delaware,northern,,County Road,0,99.0,80.0,property_damage,0.0,0,0.0,0.0,0.0,F-O TREE,FIXED-OBJECT,36.4161,-94.7017,2020,2020-01-30,2.38,1,0,N,       ,N,N,0,Clear,Dark / Unlighted,5.0,20.0,0,Roadway Departure Right,0,N,0.0,D,2.0,17.0,F,Y,1.0,Apparently Normal,4.0,0,1,0,Unsafe Speed,Inexperienced Driver - Young,0,0,0,0,0,0,0,0,0,0,0,0,0,0,0,0,0,0,0,0,0,0,0,0,0,0,0,0,0,0,0,1,0,0,0,1,1
300452664,Sequoyah,southern,,County Road,0,80.0,99.0,property_damage,0.0,0,0.0,0.0,0.0,F-O TREE,FIXED-OBJECT,35.5321,-94.7929,2020,2020-02-04,17.19,1,0,N,       ,N,N,0,Cloudy,Daylight,1.0,20.0,0,Roadway Departure Right,0,Y,0.0,D,4.0,75.0,F,Y,1.0,Other,4.0,1,0,0,Unsafe Speed,Rain or Wet Roadway,0,0,0,0,0,0,0,0,0,0,0,0,0,0,0,0,0,0,0,0,0,0,0,0,0,0,0,0,0,0,0,1,0,0,0,0,0
300452692,Tulsa,tulsa,US-75,US Route,0,31.0,0.0,non_incapacitating_injury,2.0,0,0.0,2.0,0.0,ROLLOVER,ROLLOVER,36.1997745,-95.94851493,2020,2020-01-25,17.0,1,0,N,       ,N,N,0,Clear,Daylight,1.0,37.0,0,Roadway Departure Right,0,N,0.0,D,15.0,27.0,M,Y,3.0,Apparently Normal,1.0,0,0,0,Unsafe Speed,On Curve/Turn,0,0,0,0,0,0,0,0,0,0,0,0,0,0,0,0,0,0,0,0,0,0,0,0,0,0,0,0,0,0,0,1,0,0,0,0,0
300452903,Delaware,northern,US-412,Turnpike,0,0.0,0.0,non_incapacitating_injury,1.0,0,0.0,1.0,0.0,ROLLOVER,ROLLOVER,36.20111307,-94.73927599,2020,2020-01-22,6.11,1,0,N,       ,N,N,0,Sleet/Hail/Freezing Rain,Dark / Unlighted,6.0,20.0,0,Roadway Departure Right,0,N,0.0,D,4.0,22.0,F,Y,3.0,Apparently Normal,4.0,0,0,0,Unsafe Speed,For Ice or Snow on Roadway,0,0,0,0,0,0,0,0,0,0,0,0,0,0,0,0,0,0,0,0,0,0,0,0,0,0,0,0,0,0,0,1,0,0,1,1,1
300452922,Tulsa,tulsa,SH-11,State Highway,0,40.0,0.0,possible_injury,0.0,0,0.0,0.0,3.0,OTHER,OTHER,36.19919787,-95.94143108,2020,2020-02-04,16.55,1,0,N,       ,N,N,0,Cloudy,Daylight,2.0,19.0,0,Roadway Departure Left,0,N,0.0,D,2.0,32.0,M,Y,1.0,Apparently Normal,3.0,0,0,0,Unsafe Speed,For Traffic Conditions,0,0,0,0,0,0,0,0,0,0,0,0,0,0,0,0,0,0,0,0,0,0,0,0,0,0,0,0,0,0,0,1,0,0,0,0,0
300453019,Muskogee,southern,,County Road,0,10.0,0.0,possible_injury,0.0,0,0.0,0.0,1.0,HEAD-ON,HEAD-ON,35.6969,-95.3099,2020,2020-01-08,9.31,2,0,N,       ,N,N,0,Cloudy,Daylight,1.0,18.0,0,No Roadway Departure,0,N,0.0,D,4.0,39.0,M,Y,1.0,Apparently Normal,4.0,0,0,0,Unsafe Speed,Vehicle Condition,0,0,0,0,0,0,0,0,0,0,0,0,0,0,0,0,0,0,0,0,0,0,0,0,0,0,0,0,0,0,0,1,0,0,0,0,0
300453052,Mayes,northern,,County Road,0,0.0,0.0,non_incapacitating_injury,1.0,0,0.0,1.0,0.0,ROLLOVER,ROLLOVER,36.1789,-95.1014,2020,2020-02-03,16.0,1,0,N,       ,N,N,0,Cloudy,Daylight,5.0,20.0,0,Roadway Departure Right,0,N,0.0,D,2.0,17.0,M,Y,1.0,Apparently Normal,4.0,0,1,0,Unsafe Speed,For Type of Roadway (Pavement Surface),0,0,0,0,0,0,0,0,0,0,0,0,0,0,0,0,0,0,0,0,0,0,0,0,0,0,0,0,0,0,0,1,0,0,0,0,1
300453149,Mayes,northern,,County Road,0,0.0,0.0,incapacitating_injury,1.0,0,1.0,0.0,0.0,ROLLOVER,ROLLOVER,36.389,-95.1666,2020,2020-02-05,7.16,1,0,N,       ,N,N,0,Snow,Dawn,4.0,19.0,0,Roadway Departure Right,0,N,0.0,D,2.0,65.0,M,Y,4.0,Apparently Normal,4.0,1,0,0,Unsafe Speed,For Ice or Snow on Roadway,0,0,0,0,0,0,0,0,0,0,0,0,0,0,0,0,0,0,0,0,0,0,0,0,0,0,0,0,0,0,0,1,0,0,1,1,1
300453260,Rogers,northern,I-44,Turnpike Interstate,0,0.0,0.0,possible_injury,0.0,0,0.0,0.0,1.0,F-O CULVERT,FIXED-OBJECT,36.34844373,-95.46813613,2020,2020-02-05,9.24,1,1,N,       ,N,N,0,Snow,Daylight,6.0,20.0,0,Roadway Departure Right,0,N,0.0,D,10.0,54.0,M,Y,2.0,Apparently Normal,4.0,0,0,0,Unsafe Speed,For Ice or Snow on Roadway,0,0,0,0,0,0,0,0,0,0,0,0,0,0,0,0,0,0,0,0,0,0,0,0,0,0,0,0,0,0,0,1,0,0,1,0,1
300453292,Tulsa,tulsa,I-244,Interstate,0,0.0,0.0,possible_injury,0.0,0,0.0,0.0,1.0,F-O BARR-CONCRETE,FIXED-OBJECT,36.16425583,-95.86512303,2020,2020-01-30,8.01,3,0,N,       ,N,Y,1,Cloudy,Daylight,1.0,19.0,0,Roadway Departure Left,0,N,0.0,D,20.0,26.0,M,Y,1.0,Apparently Normal,4.0,0,0,0,Unsafe Speed,For Traffic Conditions,0,0,0,0,0,0,0,0,0,0,0,0,0,0,0,0,0,0,0,0,0,0,0,0,0,0,0,0,0,0,0,1,0,0,0,0,0
300453354,Rogers,northern,,County Road,0,80.0,99.0,property_damage,0.0,0,0.0,0.0,0.0,F-O FENCE-POLE,FIXED-OBJECT,36.3222,-95.7403,2020,2020-02-05,10.23,1,0,N,       ,N,N,0,Snow,Daylight,4.0,20.0,0,Roadway Departure Right,0,N,0.0,D,20.0,18.0,F,Y,1.0,Apparently Normal,4.0,0,1,0,Unsafe Speed,For Ice or Snow on Roadway,0,0,0,0,0,0,0,0,0,0,0,0,0,0,0,0,0,0,0,0,0,0,0,0,0,0,0,0,0,0,0,1,0,0,1,0,1
300453356,Tulsa,tulsa,US-169,US Route,0,31.0,0.0,property_damage,0.0,0,0.0,0.0,0.0,REAR-END,REAR-END,36.17404028,-95.85818921,2020,2020-02-10,16.22,2,0,N,       ,N,N,0,Rain,Daylight,2.0,3.0,0,No Roadway Departure,0,N,0.0,D,2.0,47.0,M,Y,1.0,Apparently Normal,4.0,0,0,0,Unsafe Speed,For Traffic Conditions,0,0,0,0,0,0,0,0,0,0,0,0,0,0,0,0,0,0,0,0,0,0,0,0,0,0,0,0,0,0,0,1,0,0,1,0,0
300453519,Cherokee,southern,,County Road,0,99.0,80.0,property_damage,0.0,0,0.0,0.0,0.0,F-O FENCE,FIXED-OBJECT,35.9297,-95.0155,2020,2020-02-07,16.29,2,0,N,       ,N,N,0,Clear,Daylight,1.0,33.0,0,Roadway Departure Left,0,N,0.0,D,2.0,18.0,F,Y,1.0,Apparently Normal,4.0,0,1,0,Unsafe Speed,For Type of Roadway (Pavement Surface),0,0,0,0,0,0,0,0,0,0,0,0,0,0,0,0,0,0,0,0,0,0,0,0,0,0,0,0,0,0,0,1,0,0,0,0,0
300453524,Cherokee,southern,SH-51,State Highway,0,0.0,5.0,possible_injury,0.0,0,0.0,0.0,1.0,F-O EMBANKMENT,FIXED-OBJECT,35.92764014,-94.83991151,2020,2020-02-07,23.17,1,0,Y,       ,N,N,0,Cloudy,Dark / Unlighted,1.0,19.0,0,Roadway Departure Left,0,N,0.0,D,2.0,17.0,F,Y,2.0,Apparently Normal,4.0,0,1,0,Unsafe Speed,Driver's Ability (Aged),0,0,0,0,0,0,0,0,0,0,0,0,0,0,0,0,0,0,0,0,0,0,0,0,0,0,0,0,0,0,0,1,0,0,0,1,0
300453554,Craig,northern,I-44,Turnpike Interstate,0,0.0,0.0,possible_injury,0.0,0,0.0,0.0,1.0,SIDESWIPE-SAME,SIDESWIPE-SAME,36.51135158,-95.26950487,2020,2020-02-05,10.26,2,1,N,       ,N,N,0,Snow,Daylight,4.0,16.0,0,Fixed Object,0,N,0.0,D,4.0,46.0,M,Y,2.0,Apparently Normal,4.0,0,0,0,Unsafe Speed,For Ice or Snow on Roadway,0,0,0,0,0,0,0,0,0,0,0,0,0,0,0,0,0,0,0,0,0,0,0,0,0,0,0,0,0,0,0,1,0,0,1,0,1