crash_id,county,region,highway_name,highway_class,intersection_rel,special_feature_1,special_feature_2,severity_level,visual_injured_num,fatal_num,suspected_serious_injured_num,non_incapacitated_injured_num,possibly_injured_num,crash_type,main_crash_type,latitude,longitude,year,date,time,number_of_vehicles,number_of_commercial_vehicles,work_zone,railroad_crossing,alcohol,drug,Alcohol or Drug,weather_condition,lighting_condition,road_condition,manner_of_collision,pedestrians_num,roadway_departure,cross_centerline,hit_and_run,emergency_vehicle_use,unit_type,vehicle_type,age,sex,driver_of_vehicle,injury_severity,person_condition,restraint_use,older_driver,teen_driver,Sleepy/Ill/Dizzy Driver,unsafe_unlaw_category,unsafe_unlaw_desc,Abnormal Traffic Control,Alcohol-DUI/DWI,Animal in Roadway,Apparently Sleepy,Avoiding Other Vehicle,Avoiding Pedestrian,Changed Lanes Unsafely,Deer in Roadway,Defect in Roadway,Disregarded Warning Signal,Domestic Animal in Roadway,Drug-DUI,Failed to Secure Load,Failed to Signal,Failed to Stop,Failed to Yield,Followed too Closely,Improper Backing,Improper Bicyclist Action,Improper Overtaking,Improper Parking,Improper Start From,Improper Turn,Improper Use of Lane,Distraction,Left of Center,No Improper Action by Driver,Object/Debris in Roadway,Other Improper Act/Movement,Pedestrian Action,Stopped in Traffic Lane,Speeding,Unsafe Vehicle,Wrong Way,Bad Weather,Bad Lighting,Bad Road Condition
300456434,Rogers,northern,I-44,Turnpike Interstate,0,0.0,0.0,property_damage,0.0,0,0.0,0.0,0.0,OTHER,OTHER,36.16429599,-95.73201756,2020,2020-02-25,16.26,2,0,N,       ,N,N,0,Rain,Daylight,2.0,20.0,0,Roadway Departure Right,0,N,0.0,D,1.0,32.0,M,Y,1.0,Apparently Normal,4.0,0,0,0,Unsafe Speed,Rain or Wet Roadway,0,0,0,0,0,0,0,0,0,0,0,0,0,0,0,0,0,0,0,0,0,0,0,0,0,0,0,0,0,0,0,1,0,0,1,0,0
300456497,Tulsa,tulsa,US-169,US Route,0,0.0,0.0,property_damage,0.0,0,0.0,0.0,0.0,F-O FENCE-POLE,FIXED-OBJECT,36.20264199,-95.85157434,2020,2020-03-01,14.4,1,0,N,       ,N,N,0,Clear,Daylight,1.0,19.0,0,Roadway Departure Right,0,N,0.0,D,2.0,31.0,M,Y,1.0,Apparently Normal,4.0,0,0,0,Unsafe Speed,For Traffic Conditions,0,0,0,0,0,0,0,0,0,0,0,0,0,0,0,0,0,0,0,0,0,0,0,0,0,0,0,0,0,0,0,1,0,0,0,0,0
300456599,Rogers,northern,I-44,Turnpike Interstate,0,0.0,0.0,property_damage,0.0,0,0.0,0.0,0.0,F-O BARR-CABLE,FIXED-OBJECT,36.16371581,-95.73202379,2020,2020-02-25,16.26,1,0,N,       ,N,N,0,Rain,Daylight,2.0,19.0,0,Roadway Departure Left,0,N,0.0,D,20.0,26.0,F,Y,1.0,Apparently Normal,4.0,0,0,0,Unsafe Speed,Rain or Wet Roadway,0,0,0,0,0,0,0,0,0,0,0,0,0,0,0,0,0,0,0,0,0,0,0,0,0,0,0,0,0,0,0,1,0,0,1,0,0
300456660,Tulsa,tulsa,,City Street,1,99.0,80.0,property_damage,0.0,0,0.0,0.0,0.0,ANGLE-TURNING,ANGLE-TURNING,36.2059174,-95.9990837,2020,2020-03-06,21.58,2,0,N,       ,N,N,0,Clear,Dark / Lighted,1.0,6.0,0,Roadway Departure Left,0,N,0.0,D,2.0,23.0,M,Y,1.0,Apparently Normal,4.0,0,0,0,Unsafe Speed,On Curve/Turn,0,0,0,0,0,0,0,0,0,0,0,0,0,0,0,0,0,0,0,0,0,0,0,0,0,0,0,0,0,0,0,1,0,0,0,0,0
300456695,Adair,southern,SH-51,State Highway,0,0.0,0.0,non_incapacitating_injury,1.0,0,0.0,1.0,0.0,ROLLOVER,ROLLOVER,35.84759593,-94.66849834,2020,2020-03-06,7.35,1,0,N,       ,N,N,0,Clear,Daylight,1.0,20.0,0,Roadway Departure Right,0,N,0.0,D,20.0,51.0,F,Y,3.0,Apparently Normal,4.0,0,0,0,Unsafe Speed,Exceeding Legal Limit,0,0,0,0,0,0,0,0,0,0,0,0,0,0,0,0,0,0,0,0,0,0,0,0,0,0,0,0,0,0,0,1,0,0,0,0,0
300456696,Cherokee,southern,,County Road,0,80.0,99.0,property_damage,0.0,0,0.0,0.0,0.0,F-O UTIL-POLE,FIXED-OBJECT,35.8915,-95.145,2020,2020-03-05,7.08,1,0,N,       ,N,N,0,Clear,Dark / Unlighted,1.0,20.0,0,Roadway Departure Right,0,N,0.0,D,2.0,48.0,M,Y,1.0,Unknown,1.0,0,0,0,Unsafe Speed,Exceeding Legal Limit,0,0,0,0,0,0,0,0,0,0,0,0,0,0,0,0,0,0,0,0,0,0,0,0,0,0,0,0,0,0,0,1,0,0,0,1,0
300456697,Adair,southern,,County Road,0,0.0,0.0,non_incapacitating_injury,1.0,0,0.0,1.0,1.0,ROLLOVER,ROLLOVER,36.0023,-94.5893,2020,2020-03-03,21.26,1,0,N,       ,N,N,0,Clear,Dark / Unlighted,1.0,20.0,0,Roadway Departure Left,0,N,0.0,D,4.0,16.0,F,Y,3.0,Apparently Normal,4.0,0,1,0,Unsafe Speed,Exceeding Legal Limit,0,0,0,0,0,0,0,0,0,0,0,0,0,0,0,0,0,0,0,0,0,0,0,0,0,0,0,0,0,0,0,1,0,0,0,1,0
300456824,Sequoyah,southern,,County Road,0,80.0,99.0,property_damage,0.0,0,0.0,0.0,0.0,F-O DITCH,FIXED-OBJECT,35.5338,-94.905,2020,2020-03-08,16.43,1,0,N,       ,N,N,0,Clear,Daylight,1.0,20.0,0,Roadway Departure Right,0,N,0.0,D,20.0,38.0,F,Y,1.0,Apparently Normal,4.0,0,0,0,Unsafe Speed,On Curve/Turn,0,0,0,0,0,0,0,0,0,0,0,0,0,0,0,0,0,0,0,0,0,0,0,0,0,0,0,0,0,0,0,1,0,0,0,0,0
300456960,Delaware,northern,,County Road,1,0.0,0.0,non_incapacitating_injury,2.0,0,0.0,2.0,0.0,F-O OTHER,FIXED-OBJECT,36.1617,-94.646,2020,2020-03-08,14.32,1,0,N,       ,N,N,0,Cloudy,Daylight,5.0,41.0,0,Roadway Departure Right,0,N,0.0,D,19.0,15.0,M,Y,3.0,Apparently Normal,1.0,0,1,0,Unsafe Speed,On Curve/Turn,0,0,0,0,0,0,0,0,0,0,0,0,0,0,0,0,0,0,0,0,0,0,0,0,0,0,0,0,0,0,0,1,0,0,0,0,1
300456967,Sequoyah,southern,,County Road,1,0.0,0.0,possible_injury,0.0,0,0.0,0.0,1.0,F-O DITCH,FIXED-OBJECT,35.507,-94.7966,2020,2020-03-09,11.27,1,0,N,       ,N,N,0,Rain,Daylight,2.0,20.0,0,Roadway Departure Right,0,N,0.0,D,20.0,31.0,M,Y,2.0,Apparently Normal,4.0,0,0,0,Unsafe Speed,Rain or Wet Roadway,0,0,0,0,0,0,0,0,0,0,0,0,0,0,0,0,0,0,0,0,0,0,0,0,0,0,0,0,0,0,0,1,0,0,1,0,0
300456979,Tulsa,tulsa,,City Street,1,0.0,0.0,non_incapacitating_injury,2.0,0,0.0,2.0,0.0,REAR-END,REAR-END,36.1770734,-95.900071,2020,2020-03-09,14.56,2,0,N,       ,N,N,0,Clear,Daylight,1.0,4.0,0,Roadway Departure Left,0,N,0.0,D,2.0,34.0,M,Y,3.0,Apparently Normal,4.0,0,0,0,Unsafe Speed,For Traffic Conditions,0,0,0,0,0,0,0,0,0,0,0,0,0,0,0,0,0,0,0,0,0,0,0,0,0,0,0,0,0,0,0,1,0,0,0,0,0
300456990,Tulsa,tulsa,US-75,US Route,0,0.0,0.0,possible_injury,0.0,0,0.0,0.0,1.0,OTHER,OTHER,36.19012015,-95.95771768,2020,2020-03-02,18.52,4,0,N,       ,N,N,0,Clear,Dark / Lighted,1.0,19.0,0,Roadway Departure Left,0,N,0.0,D,2.0,18.0,F,Y,1.0,Apparently Normal,4.0,0,1,0,Unsafe Speed,For Traffic Conditions,0,0,0,0,0,0,0,0,0,0,0,0,0,0,0,0,0,0,0,0,0,0,0,0,0,0,0,0,0,0,0,1,0,0,0,0,0
300457162,Muskogee,southern,,County Road,0,0.0,0.0,non_incapacitating_injury,1.0,0,0.0,1.0,0.0,OTHER,OTHER,35.7278,-95.2516,2020,2020-02-07,7.23,1,0,N,       ,N,N,0,Clear,Daylight,3.0,19.0,0,Roadway Departure Left,0,N,0.0,D,4.0,30.0,M,Y,3.0,Apparently Normal,1.0,0,0,0,Unsafe Speed,For Ice or Snow on Roadway,0,0,0,0,0,0,0,0,0,0,0,0,0,0,0,0,0,0,0,0,0,0,0,0,0,0,0,0,0,0,0,1,0,0,0,0,1
300457179,Craig,northern,US-69,US Route,1,0.0,0.0,non_incapacitating_injury,1.0,0,0.0,1.0,2.0,ANGLE-TURNING,ANGLE-TURNING,36.59758764,-95.21987964,2020,2020-02-21,21.41,2,0,N,       ,N,N,0,Clear,Dark / Unlighted,1.0,7.0,0,Roadway Departure Right,0,N,0.0,D,20.0,16.0,M,Y,2.0,Apparently Normal,1.0,0,1,0,Unsafe Speed,Inexperienced Driver - Young,0,0,0,0,0,0,0,0,0,0,0,0,0,0,0,0,0,0,0,0,0,0,0,0,0,0,0,0,0,0,0,1,0,0,0,1,0
300457184,Cherokee,southern,SH-82,State Highway,0,0.0,0.0,non_incapacitating_injury,1.0,0,0.0,1.0,0.0,ROLLOVER,ROLLOVER,35.74143308,-94.89254614,2020,2020-01-09,16.05,1,0,N,       ,N,N,0,Rain,Daylight,2.0,20.0,0,Roadway Departure Right,0,N,0.0,D,20.0,26.0,F,Y,3.0,Apparently Normal,4.0,0,0,0,Unsafe Speed,Rain or Wet Roadway,0,0,0,0,0,0,0,0,0,0,0,0,0,0,0,0,0,0,0,0,0,0,0,0,0,0,0,0,0,0,0,1,0,0,1,0,0
300457272,Mayes,northern,SH-20,State Highway,0,0.0,0.0,property_damage,0.0,0,0.0,0.0,0.0,F-O FENCE,FIXED-OBJECT,36.3168807,-95.12423669,2020,2020-03-09,7.26,1,0,N,       ,N,N,0,Rain,Dark / Unlighted,2.0,20.0,0,Roadway Departure Right,0,N,0.0,D,4.0,37.0,M,Y,1.0,Apparently Normal,1.0,0,0,0,Unsafe Speed,Rain or Wet Roadway,0,0,0,0,0,0,0,0,0,0,0,0,0,0,0,0,0,0,0,0,0,0,0,0,0,0,0,0,0,0,0,1,0,0,1,1,0
300457294,Cherokee,southern,,County Road,0,80.0,99.0,property_damage,0.0,0,0.0,0.0,0.0,HEAD-ON,HEAD-ON,36.0167,-94.9622,2020,2020-02-26,6.05,2,0,N,       ,N,N,0,Cloudy,Dark / Unlighted,2.0,18.0,0,No Roadway Departure,0,N,0.0,D,4.0,21.0,M,Y,1.0,Apparently Normal,4.0,0,0,0,Unsafe Speed,Rain or Wet Roadway,0,0,0,0,0,0,0,0,0,0,0,0,0,0,0,0,0,0,0,0,0,0,0,0,0,0,0,0,0,0,0,1,0,0,0,1,0
300457381,Adair,southern,US-62,US Route,0,0.0,0.0,non_incapacitating_injury,1.0,0,0.0,1.0,0.0,F-O DITCH,FIXED-OBJECT,35.95751766,-94.69082312,2020,2020-03-09,5.59,1,0,N,       ,N,N,0,Rain,Dark / Unlighted,2.0,20.0,0,Roadway Departure Right,0,N,0.0,D,4.0,32.0,M,Y,3.0,Apparently Normal,4.0,0,0,0,Unsafe Speed,Rain or Wet Roadway,0,0,0,0,0,0,0,0,0,0,0,0,0,0,0,0,0,0,0,0,0,0,0,0,0,0,0,0,0,0,0,1,0,0,1,1,0
300457532,Tulsa,tulsa,,City Street,6,99.0,80.0,property_damage,0.0,0,0.0,0.0,0.0,REAR-END,REAR-END,36.1771415,-95.95790877,2020,2020-03-10,16.15,2,0,N,       ,N,N,0,Clear,Daylight,1.0,5.0,0,No Roadway Departure,0,Y,0.0,D,2.0,0.0,F,Y,1.0,Unknown,99.0,0,0,0,Unsafe Speed,For Traffic Conditions,0,0,0,0,0,0,0,0,0,0,0,0,0,0,0,0,0,0,0,0,0,0,0,0,0,0,0,0,0,0,0,1,0,0,0,0,0
300457596,Tulsa,tulsa,US-169,US Route,0,31.0,16.0,non_incapacitating_injury,1.0,0,0.0,1.0,0.0,REAR-END,REAR-END,36.17404028,-95.85818921,2020,2020-03-11,17.15,2,0,N,       ,N,N,0,Clear,Daylight,1.0,2.0,0,No Roadway Departure,0,N,0.0,D,4.0,25.0,M,Y,1.0,Apparently Normal,4.0,0,0,0,Unsafe Speed,For Traffic Conditions,0,0,0,0,0,0,0,0,0,0,0,0,0,0,0,0,0,0,0,0,0,0,0,0,0,0,0,0,0,0,0,1,0,0,0,0,0
300457610,Washington,northern,SH-10,State Highway,0,0.0,0.0,property_damage,0.0,0,0.0,0.0,0.0,F-O DITCH,FIXED-OBJECT,36.9020589,-95.90967448,2020,2020-03-05,15.01,1,0,N,       ,N,N,0,Cloudy,Daylight,1.0,20.0,0,Roadway Departure Right,0,N,0.0,D,2.0,28.0,M,Y,1.0,Unknown,4.0,0,0,0,Unsafe Speed,Other,0,0,0,0,0,0,0,0,0,0,0,0,0,0,0,0,0,0,0,0,0,0,0,0,0,0,0,0,0,0,0,1,0,0,0,0,0
300457636,Rogers,northern,SH-88,State Highway,1,0.0,0.0,non_incapacitating_injury,2.0,0,0.0,2.0,0.0,REAR-END,REAR-END,36.37202472,-95.63272068,2020,2020-03-04,13.11,2,0,N,       ,N,N,0,Clear,Daylight,1.0,5.0,0,Roadway Departure Right,0,N,0.0,D,20.0,63.0,F,Y,3.0,Apparently Normal,4.0,0,0,0,Unsafe Speed,For Traffic Conditions,0,0,0,0,0,0,0,0,0,0,0,0,0,0,0,0,0,0,0,0,0,0,0,0,0,0,0,0,0,0,0,1,0,0,0,0,0
300457641,Rogers,northern,,County Road,0,99.0,80.0,property_damage,0.0,0,0.0,0.0,0.0,F-O FENCE,FIXED-OBJECT,36.3935,-95.687,2020,2020-03-06,0.0,1,0,N,       ,N,N,0,Clear,,1.0,19.0,0,Roadway Departure Left,0,Y,0.0,D,2.0,0.0,9,Y,1.0,Unknown,99.0,0,0,0,Unsafe Speed,On Curve/Turn,0,0,0,0,0,0,0,0,0,0,0,0,0,0,0,0,0,0,0,0,0,0,0,0,0,0,0,0,0,0,0,1,0,0,0,0,0
300457764,Cherokee,southern,SH-82,State Highway,0,0.0,0.0,property_damage,0.0,0,0.0,0.0,0.0,F-O TREE,FIXED-OBJECT,35.65742823,-94.95169237,2020,2020-03-13,23.37,1,0,N,       ,N,N,0,Rain,Dark / Unlighted,2.0,20.0,0,Roadway Departure Right,0,N,0.0,D,1.0,26.0,M,Y,1.0,Apparently Normal,4.0,0,0,0,Unsafe Speed,Rain or Wet Roadway,0,0,0,0,0,0,0,0,0,0,0,0,0,0,0,0,0,0,0,0,0,0,0,0,0,0,0,0,0,0,0,1,0,0,1,1,0
300457791,Delaware,northern,,County Road,1,0.0,0.0,non_incapacitating_injury,1.0,0,0.0,1.0,0.0,ROLLOVER,ROLLOVER,36.2785,-94.6301,2020,2020-03-12,4.12,1,0,N,       ,N,N,0,Clear,Dark / Unlighted,1.0,20.0,0,Fixed Object,0,N,0.0,D,15.0,54.0,M,Y,3.0,Apparently Normal,99.0,0,0,0,Unsafe Speed,On Curve/Turn,0,0,0,0,0,0,0,0,0,0,0,0,0,0,0,0,0,0,0,0,0,0,0,0,0,0,0,0,0,0,0,1,0,0,0,1,0
300457815,Sequoyah,southern,,County Road,0,80.0,99.0,property_damage,0.0,0,0.0,0.0,0.0,F-O DITCH,FIXED-OBJECT,35.6131,-94.9059,2020,2020-03-12,21.13,1,0,N,       ,N,N,0,Clear,Dark / Unlighted,1.0,20.0,0,Roadway Departure Right,0,N,0.0,D,2.0,44.0,F,Y,1.0,Unknown,4.0,0,0,0,Unsafe Speed,For Type of Roadway (Pavement Surface),0,0,0,0,0,0,0,0,0,0,0,0,0,0,0,0,0,0,0,0,0,0,0,0,0,0,0,0,0,0,0,1,0,0,0,1,0
300457818,McIntosh,southern,I-40,Interstate,0,0.0,0.0,property_damage,0.0,0,0.0,0.0,0.0,F-O BARR-CABLE,FIXED-OBJECT,35.45705063,-95.44884378,2020,2020-03-14,8.36,1,0,N,       ,N,N,0,Rain,Daylight,2.0,19.0,0,Roadway Departure Left,0,N,0.0,D,2.0,68.0,F,Y,1.0,Apparently Normal,4.0,1,0,0,Unsafe Speed,Rain or Wet Roadway,0,0,0,0,0,0,0,0,0,0,0,0,0,0,0,0,0,0,0,0,0,0,0,0,0,0,0,0,0,0,0,1,0,0,1,0,0
300457821,Sequoyah,southern,I-40,Interstate,0,0.0,5.0,property_damage,0.0,0,0.0,0.0,0.0,OTHER,OTHER,35.44797829,-94.80035375,2020,2020-03-13,18.59,1,0,Y,       ,N,N,0,Rain,Dusk,2.0,33.0,0,Roadway Departure Left,0,N,0.0,D,20.0,45.0,M,Y,1.0,Apparently Normal,4.0,0,0,0,Unsafe Speed,Rain or Wet Roadway,0,0,0,0,0,0,0,0,0,0,0,0,0,0,0,0,0,0,0,0,0,0,0,0,0,0,0,0,0,0,0,1,0,0,1,1,0
300457908,Rogers,northern,,County Road,1,0.0,0.0,non_incapacitating_injury,4.0,0,0.0,4.0,0.0,F-O TREE,FIXED-OBJECT,36.4091,-95.5409,2020,2020-03-07,23.24,1,0,N,       ,N,N,0,Cloudy,Dark / Unlighted,1.0,41.0,0,Roadway Departure Right,0,N,0.0,D,4.0,17.0,M,Y,3.0,Apparently Normal,4.0,0,1,0,Unsafe Speed,On Curve/Turn,0,0,0,0,0,0,0,0,0,0,0,0,0,0,0,0,0,0,0,0,0,0,0,0,0,0,0,0,0,0,0,1,0,0,0,1,0
300458028,Tulsa,tulsa,I-244,Interstate,0,0.0,0.0,possible_injury,0.0,0,0.0,0.0,1.0,REAR-END,REAR-END,36.16575528,-95.85401157,2020,2020-03-09,13.22,2,0,N,       ,N,N,0,Cloudy,Daylight,1.0,3.0,0,No Roadway Departure,0,N,0.0,D,2.0,18.0,F,Y,1.0,Apparently Normal,4.0,0,1,0,Unsafe Speed,For Traffic Conditions,0,0,0,0,0,0,0,0,0,0,0,0,0,0,0,0,0,0,0,0,0,0,0,0,0,0,0,0,0,0,0,1,0,0,0,0,0
300458138,Mayes,northern,,County Road,0,0.0,0.0,non_incapacitating_injury,1.0,0,0.0,1.0,0.0,F-O TRAFF-SIGN,FIXED-OBJECT,36.3363,-95.2823,2020,2020-03-12,11.24,1,0,N,       ,N,N,0,Cloudy,Daylight,1.0,20.0,0,Roadway Departure Right,0,N,0.0,D,4.0,22.0,M,Y,3.0,Apparently Normal,4.0,0,0,0,Unsafe Speed,Other,0,0,0,0,0,0,0,0,0,0,0,0,0,0,0,0,0,0,0,0,0,0,0,0,0,0,0,0,0,0,0,1,0,0,0,0,0
300458250,Adair,southern,,County Road,0,0.0,0.0,possible_injury,0.0,0,0.0,0.0,1.0,F-O TREE,FIXED-OBJECT,35.9309,-94.6253,2020,2020-03-18,9.16,1,0,N,       ,N,N,0,Cloudy,Daylight,2.0,20.0,0,Roadway Departure Right,0,N,0.0,D,4.0,46.0,M,Y,2.0,Unknown,4.0,0,0,0,Unsafe Speed,Rain or Wet Roadway,0,0,0,0,0,0,0,0,0,0,0,0,0,0,0,0,0,0,0,0,0,0,0,0,0,0,0,0,0,0,0,1,0,0,0,0,0
300458252,Adair,southern,,County Road,0,99.0,80.0,property_damage,0.0,0,0.0,0.0,0.0,F-O FENCE,FIXED-OBJECT,35.8259,-94.784,2020,2020-03-12,8.34,1,0,N,       ,N,N,0,Clear,Dark / Unlighted,1.0,20.0,0,Roadway Departure Right,0,N,0.0,D,2.0,44.0,M,Y,1.0,Apparently Normal,99.0,0,0,0,Unsafe Speed,For Type of Roadway (Pavement Surface),0,0,0,0,0,0,0,0,0,0,0,0,0,0,0,0,0,0,0,0,0,0,0,0,0,0,0,0,0,0,0,1,0,0,0,1,0
300458372,Ottawa,northern,US-59,US Route,0,1.0,0.0,possible_injury,0.0,0,0.0,0.0,1.0,REAR-END,REAR-END,36.6926936,-94.92733753,2020,2020-03-16,16.45,2,0,N,       ,N,N,0,Rain,Daylight,2.0,4.0,0,Roadway Departure Right,0,N,0.0,D,4.0,17.0,M,Y,2.0,Apparently Normal,4.0,0,1,0,Unsafe Speed,Rain or Wet Roadway,0,0,0,0,0,0,0,0,0,0,0,0,0,0,0,0,0,0,0,0,0,0,0,0,0,0,0,0,0,0,0,1,0,0,1,0,0
300458445,Mayes,northern,SH-20,State Highway,1,0.0,0.0,property_damage,0.0,0,0.0,0.0,0.0,F-O CULVERT,FIXED-OBJECT,36.3081169,-95.14287702,2020,2020-03-19,13.25,1,0,N,       ,N,N,0,Cloudy,Daylight,2.0,20.0,0,Roadway Departure Right,0,N,0.0,D,20.0,16.0,M,Y,1.0,Apparently Normal,4.0,0,1,0,Unsafe Speed,Rain or Wet Roadway,0,0,0,0,0,0,0,0,0,0,0,0,0,0,0,0,0,0,0,0,0,0,0,0,0,0,0,0,0,0,0,1,0,0,0,0,0
300458466,Mayes,northern,SH-20,State Highway,0,0.0,0.0,possible_injury,0.0,0,0.0,0.0,1.0,F-O CULVERT,FIXED-OBJECT,36.3972358,-95.04664528,2020,2020-03-19,12.26,1,0,N,       ,N,N,0,Rain,Daylight,2.0,20.0,0,Roadway Departure Right,0,N,0.0,D,2.0,53.0,M,Y,2.0,Apparently Normal,4.0,0,0,0,Unsafe Speed,Wind,0,0,0,0,0,0,0,0,0,0,0,0,0,0,0,0,0,0,0,0,0,0,0,0,0,0,0,0,0,0,0,1,0,0,1,0,0
300458569,Washington,northern,SH-123,State Highway,0,0.0,0.0,property_damage,0.0,0,0.0,0.0,0.0,F-O TRAFF-SIGN,FIXED-OBJECT,36.77977034,-95.95030976,2020,2020-03-17,10.49,1,0,N,       ,N,N,0,Cloudy,Daylight,1.0,20.0,0,Roadway Departure Right,0,Y,0.0,D,1.0,0.0,9,Y,1.0,Unknown,99.0,0,0,0,Unsafe Speed,Other,0,0,0,0,0,0,0,0,0,0,0,0,0,0,0,0,0,0,0,0,0,0,0,0,0,0,0,0,0,0,0,1,0,0,0,0,0
300458619,Rogers,northern,I-44,Turnpike Interstate,0,0.0,0.0,non_incapacitating_injury,2.0,0,0.0,2.0,0.0,F-O BARR-CONCRETE,FIXED-OBJECT,36.30987408,-95.57140343,2020,2020-03-14,2.07,1,0,N,       ,N,N,0,Rain,Dark / Unlighted,2.0,19.0,0,Roadway Departure Left,0,N,0.0,D,2.0,29.0,F,Y,3.0,Apparently Normal,4.0,0,0,0,Unsafe Speed,Rain or Wet Roadway,0,0,0,0,0,0,0,0,0,0,0,0,0,0,0,0,0,0,0,0,0,0,0,0,0,0,0,0,0,0,0,1,0,0,1,1,0
300458626,Delaware,northern,,County Road,0,80.0,99.0,property_damage,0.0,0,0.0,0.0,0.0,F-O UTIL-POLE,FIXED-OBJECT,36.5168,-94.9975,2020,2020-03-21,11.24,1,0,N,       ,N,N,0,Clear,Daylight,1.0,20.0,0,Roadway Departure Right,0,N,0.0,D,4.0,27.0,M,Y,1.0,Apparently Normal,99.0,0,0,0,Unsafe Speed,For Type of Roadway (Pavement Surface),0,0,0,0,0,0,0,0,0,0,0,0,0,0,0,0,0,0,0,0,0,0,0,0,0,0,0,0,0,0,0,1,0,0,0,0,0
300458633,Mayes,northern,SH-20,State Highway,0,0.0,0.0,property_damage,0.0,0,0.0,0.0,0.0,F-O DITCH,FIXED-OBJECT,36.40821772,-95.0169236,2020,2020-03-21,23.34,1,0,N,       ,N,N,0,Rain,Dark / Unlighted,2.0,19.0,0,Roadway Departure Left,0,N,0.0,D,20.0,61.0,F,Y,1.0,Apparently Normal,4.0,0,0,0,Unsafe Speed,Rain or Wet Roadway,0,0,0,0,0,0,0,0,0,0,0,0,0,0,0,0,0,0,0,0,0,0,0,0,0,0,0,0,0,0,0,1,0,0,1,1,0
300458669,Muskogee,southern,SH-165,State Highway,0,0.0,0.0,property_damage,0.0,0,0.0,0.0,0.0,F-O OTHER,FIXED-OBJECT,35.74996303,-95.31035604,2020,2020-03-19,0.48,1,0,N,       ,N,N,0,Rain,Dark / Unlighted,2.0,20.0,0,Roadway Departure Right,0,N,0.0,D,1.0,22.0,F,Y,1.0,Apparently Normal,4.0,0,0,0,Unsafe Speed,Rain or Wet Roadway,0,0,0,0,0,0,0,0,0,0,0,0,0,0,0,0,0,0,0,0,0,0,0,0,0,0,0,0,0,0,0,1,0,0,1,1,0
300458675,Rogers,northern,,County Road,0,80.0,99.0,property_damage,0.0,0,0.0,0.0,0.0,REAR-END,REAR-END,36.4143,-95.7764,2020,2020-02-07,18.3,2,0,N,       ,N,N,0,Clear,Dark / Unlighted,1.0,4.0,0,No Roadway Departure,0,N,0.0,D,21.0,23.0,F,Y,1.0,Unknown,99.0,0,0,0,Unsafe Speed,For Traffic Conditions,0,0,0,0,0,0,0,0,0,0,0,0,0,0,0,0,0,0,0,0,0,0,0,0,0,0,0,0,0,0,0,1,0,0,0,1,0
300458701,Muskogee,southern,MUSTPK,Turnpike,0,0.0,0.0,property_damage,0.0,0,0.0,0.0,0.0,F-O BARR-CABLE,FIXED-OBJECT,35.5105524,-95.18696044,2020,2020-03-19,8.39,1,0,N,       ,N,N,0,Rain,Daylight,2.0,19.0,0,Roadway Departure Left,0,N,0.0,D,4.0,76.0,M,Y,1.0,Apparently Normal,4.0,1,0,0,Unsafe Speed,Rain or Wet Roadway,0,0,0,0,0,0,0,0,0,0,0,0,0,0,0,0,0,0,0,0,0,0,0,0,0,0,0,0,0,0,0,1,0,0,1,0,0
300458804,Sequoyah,southern,I-40,Interstate,0,0.0,0.0,property_damage,0.0,0,0.0,0.0,0.0,SIDESWIPE-SAME,SIDESWIPE-SAME,35.39823945,-94.66538765,2020,2020-03-19,17.45,2,1,N,       ,N,N,0,Rain,Daylight,2.0,16.0,0,No Roadway Departure,0,N,0.0,D,4.0,31.0,M,Y,1.0,Apparently Normal,4.0,0,0,0,Unsafe Speed,Rain or Wet Roadway,0,0,0,0,0,0,0,0,0,0,0,0,0,0,0,0,0,0,0,0,0,0,0,0,0,0,0,0,0,0,0,1,0,0,1,0,0
300458834,Ottawa,northern,US-59,US Route,1,0.0,0.0,possible_injury,0.0,0,0.0,0.0,1.0,REAR-END,REAR-END,36.68500014,-94.91965619,2020,2020-03-16,16.45,2,0,N,       ,N,N,0,Rain,Daylight,2.0,4.0,0,Roadway Departure Right,0,N,0.0,D,4.0,17.0,M,Y,2.0,Apparently Normal,4.0,0,1,0,Unsafe Speed,Rain or Wet Roadway,0,0,0,0,0,0,0,0,0,0,0,0,0,0,0,0,0,0,0,0,0,0,0,0,0,0,0,0,0,0,0,1,0,0,1,0,0
300458847,Washington,northern,US-75,US Route,0,0.0,0.0,property_damage,0.0,0,0.0,0.0,0.0,F-O TRAFF-SIGN,FIXED-OBJECT,36.67036456,-95.93517355,2020,2020-03-24,6.25,1,0,N,       ,N,N,0,Rain,Dark / Unlighted,2.0,20.0,0,Roadway Departure Right,0,N,0.0,D,2.0,39.0,M,Y,1.0,Apparently Normal,4.0,0,0,0,Unsafe Speed,Rain or Wet Roadway,0,0,0,0,0,0,0,0,0,0,0,0,0,0,0,0,0,0,0,0,0,0,0,0,0,0,0,0,0,0,0,1,0,0,1,1,0
300458851,Mayes,northern,SH-20,State Highway,0,0.0,0.0,non_incapacitating_injury,1.0,0,0.0,1.0,1.0,SIDESWIPE-OPP,SIDESWIPE-OPP,36.38950473,-95.0665141,2020,2020-03-20,18.49,2,0,N,       ,N,N,0,Clear,Daylight,1.0,17.0,0,Roadway Departure Right,0,N,0.0,D,2.0,16.0,M,Y,1.0,Apparently Normal,4.0,0,1,0,Unsafe Speed,On Curve/Turn,0,0,0,0,0,0,0,0,0,0,0,0,0,0,0,0,0,0,0,0,0,0,0,0,0,0,0,0,0,0,0,1,0,0,0,0,0