crash_id,county,region,highway_name,highway_class,intersection_rel,special_feature_1,special_feature_2,severity_level,visual_injured_num,fatal_num,suspected_serious_injured_num,non_incapacitated_injured_num,possibly_injured_num,crash_type,main_crash_type,latitude,longitude,year,date,time,number_of_vehicles,number_of_commercial_vehicles,work_zone,railroad_crossing,alcohol,drug,Alcohol or Drug,weather_condition,lighting_condition,road_condition,manner_of_collision,pedestrians_num,roadway_departure,cross_centerline,hit_and_run,emergency_vehicle_use,unit_type,vehicle_type,age,sex,driver_of_vehicle,injury_severity,person_condition,restraint_use,older_driver,teen_driver,Sleepy/Ill/Dizzy Driver,unsafe_unlaw_category,unsafe_unlaw_desc,Abnormal Traffic Control,Alcohol-DUI/DWI,Animal in Roadway,Apparently Sleepy,Avoiding Other Vehicle,Avoiding Pedestrian,Changed Lanes Unsafely,Deer in Roadway,Defect in Roadway,Disregarded Warning Signal,Domestic Animal in Roadway,Drug-DUI,Failed to Secure Load,Failed to Signal,Failed to Stop,Failed to Yield,Followed too Closely,Improper Backing,Improper Bicyclist Action,Improper Overtaking,Improper Parking,Improper Start From,Improper Turn,Improper Use of Lane,Distraction,Left of Center,No Improper Action by Driver,Object/Debris in Roadway,Other Improper Act/Movement,Pedestrian Action,Stopped in Traffic Lane,Speeding,Unsafe Vehicle,Wrong Way,Bad Weather,Bad Lighting,Bad Road Condition
300460766,Mayes,northern,SH-20,State Highway,0,0.0,0.0,non_incapacitating_injury,1.0,0,0.0,1.0,0.0,F-O GUARDRL-FACE,FIXED-OBJECT,36.38953157,-95.0660009,2020,2020-04-11,13.22,1,0,N,       ,N,N,0,Cloudy,Daylight,1.0,19.0,0,Roadway Departure Left,0,N,0.0,D,15.0,29.0,F,Y,3.0,Apparently Normal,7.0,0,0,0,Unsafe Speed,On Curve/Turn,0,0,0,0,0,0,0,0,0,0,0,0,0,0,0,0,0,0,0,0,0,0,0,0,0,0,0,0,0,0,0,1,0,0,0,0,0
300460845,Cherokee,southern,SH-80,State Highway,0,0.0,0.0,non_incapacitating_injury,1.0,0,0.0,1.0,0.0,F-O GROUND,FIXED-OBJECT,35.87705413,-95.19575731,2020,2020-04-11,16.08,1,0,N,       ,Y,N,1,Cloudy,Daylight,1.0,20.0,0,Roadway Departure Right,0,N,0.0,D,15.0,52.0,M,Y,3.0,Odor of Alcohol Beverage,7.0,0,0,0,Unsafe Speed,On Curve/Turn,0,0,0,0,0,0,0,0,0,0,0,0,0,0,0,0,0,0,0,0,0,0,0,0,0,0,0,0,0,0,0,1,0,0,0,0,0
300460869,Ottawa,northern,SH-125,State Highway,0,0.0,0.0,non_incapacitating_injury,1.0,0,0.0,1.0,0.0,F-O MAILBOX,FIXED-OBJECT,36.78123523,-94.85540648,2020,2020-04-12,14.31,1,0,N,       ,N,N,0,Rain,Daylight,2.0,20.0,0,Roadway Departure Right,0,Y,0.0,D,4.0,28.0,M,Y,3.0,Apparently Normal,1.0,0,0,0,Unsafe Speed,Rain or Wet Roadway,0,0,0,0,0,0,0,0,0,0,0,0,0,0,0,0,0,0,0,0,0,0,0,0,0,0,0,0,0,0,0,1,0,0,1,0,0
300460872,Tulsa,tulsa,,City Street,5,0.0,0.0,possible_injury,0.0,0,0.0,0.0,1.0,REAR-END,REAR-END,36.17818161,-95.9755457,2020,2020-04-14,14.05,2,0,N,       ,N,N,0,Clear,Daylight,1.0,2.0,0,No Roadway Departure,0,N,0.0,D,4.0,39.0,M,Y,1.0,Apparently Normal,4.0,0,0,0,Unsafe Speed,For Traffic Conditions,0,0,0,0,0,0,0,0,0,0,0,0,0,0,0,0,0,0,0,0,0,0,0,0,0,0,0,0,0,0,0,1,0,0,0,0,0
300460887,Craig,northern,,County Road,0,0.0,0.0,possible_injury,0.0,0,0.0,0.0,2.0,F-O DITCH,FIXED-OBJECT,36.6997,-95.0382,2020,2020-04-17,15.39,1,0,N,       ,N,N,0,Cloudy,Daylight,1.0,19.0,0,Roadway Departure Right,0,N,0.0,D,20.0,16.0,M,Y,2.0,Apparently Normal,4.0,0,1,0,Unsafe Speed,For Type of Roadway (Pavement Surface),0,0,0,0,0,0,0,0,0,0,0,0,0,0,0,0,0,0,0,0,0,0,0,0,0,0,0,0,0,0,0,1,0,0,0,0,0
300460925,Tulsa,tulsa,,City Street,7,0.0,0.0,incapacitating_injury,1.0,0,1.0,0.0,0.0,ROLLOVER,ROLLOVER,36.19127509,-95.833276,2020,2020-04-19,0.01,1,0,N,       ,N,N,0,Clear,Dark / Unlighted,1.0,20.0,0,No Roadway Departure,0,N,0.0,D,2.0,36.0,M,Y,4.0,Apparently Normal,4.0,0,0,0,Unsafe Speed,Exceeding Legal Limit,0,0,0,0,0,0,0,0,0,0,0,0,0,0,0,0,0,0,0,0,0,0,0,0,0,0,0,0,0,0,0,1,0,0,0,1,0
300460929,Muskogee,southern,,County Road,0,0.0,0.0,non_incapacitating_injury,1.0,0,0.0,1.0,0.0,ROLLOVER,ROLLOVER,35.5303,-95.2388,2020,2020-04-18,16.14,1,0,N,       ,N,N,0,Clear,Daylight,1.0,20.0,0,Roadway Departure Right,0,N,0.0,D,15.0,23.0,M,Y,3.0,Apparently Normal,7.0,0,0,0,Unsafe Speed,Exceeding Legal Limit,0,0,0,0,0,0,0,0,0,0,0,0,0,0,0,0,0,0,0,0,0,0,0,0,0,0,0,0,0,0,0,1,0,0,0,0,0
300460934,Sequoyah,southern,,County Road,0,80.0,99.0,property_damage,0.0,0,0.0,0.0,0.0,F-O FENCE-POLE,FIXED-OBJECT,35.3692,-94.5844,2020,2020-04-15,15.37,1,0,N,       ,N,N,0,Clear,Daylight,1.0,19.0,0,Roadway Departure Left,0,N,0.0,D,2.0,17.0,M,Y,1.0,Apparently Normal,4.0,0,1,0,Unsafe Speed,Other,0,0,0,0,0,0,0,0,0,0,0,0,0,0,0,0,0,0,0,0,0,0,0,0,0,0,0,0,0,0,0,1,0,0,0,0,0
300460995,Tulsa,tulsa,,City Street,7,99.0,80.0,property_damage,0.0,0,0.0,0.0,0.0,REAR-END,REAR-END,36.22036899,-95.958249,2020,2020-04-17,16.0,2,0,N,       ,N,N,0,Cloudy,Daylight,1.0,5.0,0,No Roadway Departure,0,Y,0.0,D,2.0,0.0,M,Y,1.0,Unknown,99.0,0,0,0,Unsafe Speed,For Traffic Conditions,0,0,0,0,0,0,0,0,0,0,0,0,0,0,0,0,0,0,0,0,0,0,0,0,0,0,0,0,0,0,0,1,0,0,0,0,0
300461003,Muskogee,southern,MUSTPK,Turnpike,0,0.0,0.0,incapacitating_injury,2.0,0,2.0,0.0,0.0,REAR-END,REAR-END,35.54419432,-95.227888,2020,2020-04-02,15.14,3,0,N,       ,N,N,0,Clear,Daylight,1.0,3.0,0,Fixed Object,0,N,0.0,D,2.0,24.0,F,Y,4.0,Apparently Normal,1.0,0,0,0,Unsafe Speed,Exceeding Legal Limit,0,0,0,0,0,0,0,0,0,0,0,0,0,0,0,0,0,0,0,0,0,0,0,0,0,0,0,0,0,0,0,1,0,0,0,0,0
300461026,Mayes,northern,SH-82,State Highway,0,0.0,0.0,non_incapacitating_injury,1.0,0,0.0,1.0,0.0,ROLLOVER,ROLLOVER,36.1702315,-95.15818692,2020,2020-04-18,11.53,1,0,N,       ,N,N,0,Clear,Daylight,1.0,20.0,0,Roadway Departure Right,0,N,0.0,D,2.0,44.0,M,Y,3.0,Apparently Normal,4.0,0,0,0,Unsafe Speed,Other,0,0,0,0,0,0,0,0,0,0,0,0,0,0,0,0,0,0,0,0,0,0,0,0,0,0,0,0,0,0,0,1,0,0,0,0,0
300461027,Nowata,northern,US-169,US Route,0,0.0,0.0,property_damage,0.0,0,0.0,0.0,0.0,ROLLOVER,ROLLOVER,36.6794251,-95.63332477,2020,2020-04-13,19.01,1,1,N,       ,N,N,0,Cloudy,Daylight,1.0,20.0,0,Roadway Departure Right,0,N,0.0,D,10.0,32.0,M,Y,1.0,Apparently Normal,4.0,0,0,0,Unsafe Speed,On Curve/Turn,0,0,0,0,0,0,0,0,0,0,0,0,0,0,0,0,0,0,0,0,0,0,0,0,0,0,0,0,0,0,0,1,0,0,0,0,0
300461028,Ottawa,northern,,County Road,0,99.0,80.0,property_damage,0.0,0,0.0,0.0,0.0,F-O DROP-OFF,FIXED-OBJECT,36.6705,-94.862,2020,2020-03-17,17.01,1,0,N,       ,N,N,0,Clear,Daylight,1.0,20.0,0,Roadway Departure Right,0,N,0.0,D,4.0,20.0,M,Y,1.0,Apparently Normal,4.0,0,0,0,Unsafe Speed,For Type of Roadway (Pavement Surface),0,0,0,0,0,0,0,0,0,0,0,0,0,0,0,0,0,0,0,0,0,0,0,0,0,0,0,0,0,0,0,1,0,0,0,0,0
300461159,Sequoyah,southern,,County Road,0,99.0,80.0,property_damage,0.0,0,0.0,0.0,0.0,F-O FENCE-POLE,FIXED-OBJECT,35.4019,-94.8363,2020,2020-04-19,16.05,1,0,N,       ,N,N,0,Cloudy,Daylight,1.0,20.0,0,Roadway Departure Right,0,Y,0.0,D,4.0,0.0,9,Y,1.0,Unknown,99.0,0,0,0,Unsafe Speed,On Curve/Turn,0,0,0,0,0,0,0,0,0,0,0,0,0,0,0,0,0,0,0,0,0,0,0,0,0,0,0,0,0,0,0,1,0,0,0,0,0
300461183,Sequoyah,southern,,County Road,0,0.0,0.0,non_incapacitating_injury,1.0,0,0.0,1.0,0.0,ROLLOVER,ROLLOVER,35.3434,-94.6198,2020,2020-04-22,2.44,1,0,N,       ,N,N,0,Rain,Daylight,2.0,20.0,0,Roadway Departure Right,0,N,0.0,D,2.0,19.0,M,Y,3.0,Apparently Normal,4.0,0,1,0,Unsafe Speed,Rain or Wet Roadway,0,0,0,0,0,0,0,0,0,0,0,0,0,0,0,0,0,0,0,0,0,0,0,0,0,0,0,0,0,0,0,1,0,0,1,0,0
300461186,Delaware,northern,SH-20,State Highway,1,0.0,0.0,fatal,0.0,1,0.0,0.0,0.0,ROLLOVER,ROLLOVER,36.46194301,-94.61183122,2020,2020-01-29,7.33,1,0,N,       ,N,N,0,Sleet/Hail/Freezing Rain,Dawn,2.0,20.0,0,Roadway Departure Right,0,N,0.0,D,2.0,30.0,M,Y,5.0,Unknown,1.0,0,0,0,Unsafe Speed,Exceeding Legal Limit,0,0,0,0,0,0,0,0,0,0,0,0,0,0,0,0,0,0,0,0,0,0,0,0,0,0,0,0,0,0,0,1,0,0,1,1,0
300461198,Washington,northern,US-75,US Route,0,0.0,0.0,property_damage,0.0,0,0.0,0.0,0.0,F-O BARR-CABLE,FIXED-OBJECT,36.59208729,-95.93311329,2020,2020-04-22,10.31,1,0,N,       ,N,N,0,Rain,Daylight,2.0,19.0,0,Roadway Departure Right,0,N,0.0,D,2.0,26.0,F,Y,1.0,Apparently Normal,4.0,0,0,0,Unsafe Speed,Rain or Wet Roadway,0,0,0,0,0,0,0,0,0,0,0,0,0,0,0,0,0,0,0,0,0,0,0,0,0,0,0,0,0,0,0,1,0,0,1,0,0
300461235,Rogers,northern,,County Road,0,0.0,0.0,non_incapacitating_injury,1.0,0,0.0,1.0,0.0,F-O CULVERT,FIXED-OBJECT,36.2413,-95.6548,2020,2020-04-14,0.27,1,0,N,       ,N,N,0,Rain,Dark / Unlighted,2.0,20.0,0,Roadway Departure Right,0,N,0.0,D,4.0,19.0,M,Y,3.0,Apparently Normal,1.0,0,1,0,Unsafe Speed,Rain or Wet Roadway,0,0,0,0,0,0,0,0,0,0,0,0,0,0,0,0,0,0,0,0,0,0,0,0,0,0,0,0,0,0,0,1,0,0,1,1,0
300461335,Tulsa,tulsa,,City Street,7,99.0,80.0,property_damage,0.0,0,0.0,0.0,0.0,REAR-END,REAR-END,36.2020624,-95.97554997,2020,2020-04-19,21.0,2,0,N,       ,N,N,0,Clear,Dark / Lighted,1.0,4.0,0,No Roadway Departure,0,N,0.0,D,20.0,25.0,F,Y,1.0,Apparently Normal,4.0,0,0,0,Unsafe Speed,Exceeding Legal Limit,0,0,0,0,0,0,0,0,0,0,0,0,0,0,0,0,0,0,0,0,0,0,0,0,0,0,0,0,0,0,0,1,0,0,0,0,0
300461346,Tulsa,tulsa,US-169,US Route,0,0.0,0.0,incapacitating_injury,2.0,0,1.0,1.0,0.0,REAR-END,REAR-END,36.19480936,-95.8515811,2020,2020-04-23,22.5,2,0,N,       ,N,N,0,Clear,Dark / Unlighted,1.0,3.0,0,No Roadway Departure,0,N,0.0,D,4.0,60.0,F,Y,4.0,Apparently Normal,4.0,0,0,0,Unsafe Speed,For Traffic Conditions,0,0,0,0,0,0,0,0,0,0,0,0,0,0,0,0,0,0,0,0,0,0,0,0,0,0,0,0,0,0,0,1,0,0,0,1,0
300461365,Rogers,northern,I-44,Interstate,0,32.0,5.0,property_damage,0.0,0,0.0,0.0,0.0,F-O BARR-CONCRETE,FIXED-OBJECT,36.1623982,-95.79110663,2020,2020-04-22,19.18,1,0,Y,       ,N,N,0,Rain,Daylight,2.0,20.0,0,Roadway Departure Right,0,N,0.0,D,4.0,35.0,M,Y,1.0,Apparently Normal,4.0,0,0,0,Unsafe Speed,Rain or Wet Roadway,0,0,0,0,0,0,0,0,0,0,0,0,0,0,0,0,0,0,0,0,0,0,0,0,0,0,0,0,0,0,0,1,0,0,1,0,0
300461367,Delaware,northern,SH-10,State Highway,0,0.0,0.0,incapacitating_injury,1.0,0,1.0,0.0,0.0,ROLLOVER,ROLLOVER,36.16518536,-94.78004559,2020,2020-04-16,19.4,1,0,N,       ,N,N,0,Clear,Dusk,1.0,20.0,0,Roadway Departure Right,0,N,0.0,D,15.0,62.0,M,Y,4.0,Apparently Normal,99.0,0,0,0,Unsafe Speed,On Curve/Turn,0,0,0,0,0,0,0,0,0,0,0,0,0,0,0,0,0,0,0,0,0,0,0,0,0,0,0,0,0,0,0,1,0,0,0,1,0
300461379,Sequoyah,southern,,County Road,0,0.0,0.0,possible_injury,0.0,0,0.0,0.0,1.0,F-O TREE,FIXED-OBJECT,35.5709,-94.6361,2020,2020-04-24,8.49,1,0,N,       ,N,N,0,Cloudy,Daylight,2.0,19.0,0,Roadway Departure Left,0,N,0.0,D,4.0,72.0,F,Y,2.0,Apparently Normal,4.0,1,0,0,Unsafe Speed,For Type of Roadway (Pavement Surface),0,0,0,0,0,0,0,0,0,0,0,0,0,0,0,0,0,0,0,0,0,0,0,0,0,0,0,0,0,0,0,1,0,0,0,0,0
300461449,Mayes,northern,,County Road,0,80.0,99.0,property_damage,0.0,0,0.0,0.0,0.0,F-O GROUND,FIXED-OBJECT,36.4082,-95.1626,2020,2020-04-20,18.1,1,0,N,       ,N,N,0,Cloudy,Daylight,1.0,20.0,0,Roadway Departure Right,0,Y,0.0,D,20.0,0.0,9,Y,1.0,Unknown,99.0,0,0,0,Unsafe Speed,On Curve/Turn,0,0,0,0,0,0,0,0,0,0,0,0,0,0,0,0,0,0,0,0,0,0,0,0,0,0,0,0,0,0,0,1,0,0,0,0,0
300461479,Delaware,northern,,County Road,0,99.0,80.0,property_damage,0.0,0,0.0,0.0,0.0,F-O UTIL-POLE,FIXED-OBJECT,36.1879,-94.976,2020,2020-04-21,12.38,1,0,N,       ,N,N,0,Clear,Daylight,1.0,19.0,0,Roadway Departure Right,0,Y,0.0,D,8.0,28.0,M,Y,1.0,Unknown,4.0,0,0,0,Unsafe Speed,Other,0,0,0,0,0,0,0,0,0,0,0,0,0,0,0,0,0,0,0,0,0,0,0,0,0,0,0,0,0,0,0,1,0,0,0,0,0
300461548,Cherokee,southern,,County Road,0,99.0,80.0,property_damage,0.0,0,0.0,0.0,0.0,F-O DITCH,FIXED-OBJECT,35.9007,-95.03,2020,2020-04-24,21.04,1,0,N,       ,N,N,0,Rain,Dark / Unlighted,7.0,20.0,0,Roadway Departure Right,0,N,0.0,D,2.0,29.0,F,Y,1.0,Apparently Normal,4.0,0,0,0,Unsafe Speed,Rain or Wet Roadway,0,0,0,0,0,0,0,0,0,0,0,0,0,0,0,0,0,0,0,0,0,0,0,0,0,0,0,0,0,0,0,1,0,0,1,1,1
300461572,Mayes,northern,SH-20,State Highway,0,0.0,0.0,possible_injury,0.0,0,0.0,0.0,2.0,F-O GROUND,FIXED-OBJECT,36.40282816,-95.04835694,2020,2020-04-25,17.54,1,0,N,       ,N,N,0,Clear,Daylight,1.0,20.0,0,Roadway Departure Right,0,N,0.0,D,15.0,44.0,M,Y,2.0,Apparently Normal,7.0,0,0,0,Unsafe Speed,On Curve/Turn,0,0,0,0,0,0,0,0,0,0,0,0,0,0,0,0,0,0,0,0,0,0,0,0,0,0,0,0,0,0,0,1,0,0,0,0,0
300461585,Rogers,northern,I-44,Interstate,0,0.0,0.0,incapacitating_injury,1.0,0,1.0,0.0,0.0,F-O BARR-CONCRETE,FIXED-OBJECT,36.16271739,-95.75247514,2020,2020-04-05,17.39,1,0,N,       ,N,N,0,Cloudy,Daylight,1.0,19.0,0,Roadway Departure Left,0,N,0.0,D,15.0,48.0,M,Y,4.0,Apparently Normal,1.0,0,0,0,Unsafe Speed,On Curve/Turn,0,0,0,0,0,0,0,0,0,0,0,0,0,0,0,0,0,0,0,0,0,0,0,0,0,0,0,0,0,0,0,1,0,0,0,0,0
300461590,Rogers,northern,SH-20,State Highway,0,0.0,0.0,non_incapacitating_injury,1.0,0,0.0,1.0,0.0,F-O GROUND,FIXED-OBJECT,36.30654482,-95.70913396,2020,2020-04-23,15.29,1,0,N,       ,N,N,0,Clear,Daylight,1.0,20.0,0,Roadway Departure Right,0,N,0.0,D,15.0,42.0,M,Y,3.0,Apparently Normal,1.0,0,0,0,Unsafe Speed,On Curve/Turn,0,0,0,0,0,0,0,0,0,0,0,0,0,0,0,0,0,0,0,0,0,0,0,0,0,0,0,0,0,0,0,1,0,0,0,0,0
300461592,Rogers,northern,US-169,US Route,0,0.0,0.0,possible_injury,0.0,0,0.0,0.0,1.0,REAR-END,REAR-END,36.40655639,-95.75911838,2020,2020-04-16,14.05,2,0,N,       ,N,N,0,Clear,Daylight,1.0,3.0,0,Roadway Departure Right,0,N,0.0,D,2.0,73.0,M,Y,2.0,Apparently Normal,4.0,1,0,0,Unsafe Speed,For Traffic Conditions,0,0,0,0,0,0,0,0,0,0,0,0,0,0,0,0,0,0,0,0,0,0,0,0,0,0,0,0,0,0,0,1,0,0,0,0,0
300461698,Rogers,northern,I-44,Turnpike Interstate,0,0.0,0.0,property_damage,0.0,0,0.0,0.0,0.0,F-O BARR-CABLE,FIXED-OBJECT,36.20063999,-95.71105129,2020,2020-04-22,18.47,1,0,N,       ,N,N,0,Rain,Daylight,2.0,19.0,0,Roadway Departure Right,0,N,0.0,D,4.0,34.0,M,Y,1.0,Apparently Normal,4.0,0,0,0,Unsafe Speed,Rain or Wet Roadway,0,0,0,0,0,0,0,0,0,0,0,0,0,0,0,0,0,0,0,0,0,0,0,0,0,0,0,0,0,0,0,1,0,0,1,0,0
300461722,Tulsa,tulsa,US-75,US Route,0,0.0,0.0,property_damage,0.0,0,0.0,0.0,0.0,F-O BARR-CABLE,FIXED-OBJECT,36.1871788,-95.96020507,2020,2020-04-22,12.1,1,0,N,       ,N,N,0,Rain,Daylight,2.0,19.0,0,Roadway Departure Left,0,N,0.0,D,2.0,52.0,M,Y,1.0,Apparently Normal,4.0,0,0,0,Unsafe Speed,Rain or Wet Roadway,0,0,0,0,0,0,0,0,0,0,0,0,0,0,0,0,0,0,0,0,0,0,0,0,0,0,0,0,0,0,0,1,0,0,1,0,0
300461725,Tulsa,tulsa,US-75,US Route,0,0.0,0.0,property_damage,0.0,0,0.0,0.0,0.0,F-O BARR-CABLE,FIXED-OBJECT,36.2086741,-95.94597407,2020,2020-04-22,10.0,1,0,N,       ,N,N,0,Rain,Daylight,2.0,19.0,0,Roadway Departure Left,0,N,0.0,D,2.0,46.0,M,Y,1.0,Apparently Normal,4.0,0,0,0,Unsafe Speed,For Traffic Conditions,0,0,0,0,0,0,0,0,0,0,0,0,0,0,0,0,0,0,0,0,0,0,0,0,0,0,0,0,0,0,0,1,0,0,1,0,0
300461785,Craig,northern,I-44,Turnpike Interstate,0,0.0,0.0,possible_injury,0.0,0,0.0,0.0,1.0,F-O BARR-CONCRETE,FIXED-OBJECT,36.68806798,-95.02451124,2020,2020-04-27,15.15,1,0,N,       ,N,N,0,Rain,Daylight,2.0,19.0,0,Roadway Departure Left,0,N,0.0,D,23.0,46.0,M,Y,2.0,Apparently Normal,4.0,0,0,0,Unsafe Speed,Rain or Wet Roadway,0,0,0,0,0,0,0,0,0,0,0,0,0,0,0,0,0,0,0,0,0,0,0,0,0,0,0,0,0,0,0,1,0,0,1,0,0
300461823,Sequoyah,southern,SH-141,State Highway,1,0.0,0.0,possible_injury,0.0,0,0.0,0.0,1.0,REAR-END,REAR-END,35.39822167,-94.67301278,2020,2020-04-27,15.24,2,0,N,       ,N,N,0,Clear,Daylight,1.0,4.0,0,No Roadway Departure,0,N,0.0,D,20.0,24.0,M,Y,1.0,Apparently Normal,4.0,0,0,0,Unsafe Speed,Other,0,0,0,0,0,0,0,0,0,0,0,0,0,0,0,0,0,0,0,0,0,0,0,0,0,0,0,0,0,0,0,1,0,0,0,0,0
300461834,Delaware,northern,,County Road,0,99.0,80.0,property_damage,0.0,0,0.0,0.0,0.0,REAR-END,REAR-END,36.4379,-94.8983,2020,2020-04-18,18.1,2,0,N,       ,N,N,0,Clear,Daylight,1.0,3.0,0,Roadway Departure Left,0,N,0.0,D,15.0,51.0,M,Y,1.0,Apparently Normal,99.0,0,0,0,Unsafe Speed,Other,0,0,0,0,0,0,0,0,0,0,0,0,0,0,0,0,0,0,0,0,0,0,0,0,0,0,0,0,0,0,0,1,0,0,0,0,0
300461895,Delaware,northern,US-59,US Route,1,0.0,0.0,property_damage,0.0,0,0.0,0.0,0.0,F-O UTIL-POLE,FIXED-OBJECT,36.56088001,-94.77478522,2020,2020-04-28,19.03,1,0,N,       ,N,N,0,Rain,Dark / Lighted,2.0,20.0,0,Roadway Departure Right,0,N,0.0,D,20.0,20.0,M,Y,1.0,Apparently Normal,4.0,0,0,0,Unsafe Speed,Rain or Wet Roadway,0,0,0,0,0,0,0,0,0,0,0,0,0,0,0,0,0,0,0,0,0,0,0,0,0,0,0,0,0,0,0,1,0,0,1,0,0
300461987,Tulsa,tulsa,US-75,US Route,1,21.0,0.0,property_damage,0.0,0,0.0,0.0,0.0,REAR-END,REAR-END,36.17678952,-95.97318222,2020,2020-04-29,15.1,2,0,N,       ,N,N,0,Clear,Daylight,1.0,4.0,0,No Roadway Departure,0,N,0.0,D,2.0,63.0,F,Y,1.0,Apparently Normal,4.0,0,0,0,Unsafe Speed,For Traffic Conditions,0,0,0,0,0,0,0,0,0,0,0,0,0,0,0,0,0,0,0,0,0,0,0,0,0,0,0,0,0,0,0,1,0,0,0,0,0
300462079,Tulsa,tulsa,,City Street,5,0.0,0.0,possible_injury,0.0,0,0.0,0.0,1.0,SIDESWIPE-SAME,SIDESWIPE-SAME,36.18591811,-95.9582191,2020,2020-04-30,10.5,2,0,N,       ,N,N,0,Clear,Daylight,1.0,16.0,0,No Roadway Departure,0,N,0.0,D,4.0,22.0,M,Y,1.0,Apparently Normal,1.0,0,0,0,Unsafe Speed,Other,0,0,0,0,0,0,0,0,0,0,0,0,0,0,0,0,0,0,0,0,0,0,0,0,0,0,0,0,0,0,0,1,0,0,0,0,0
300462099,Mayes,northern,,County Road,0,99.0,80.0,property_damage,0.0,0,0.0,0.0,0.0,F-O EMBANKMENT,FIXED-OBJECT,36.2426,-95.074,2020,2020-04-30,7.51,1,0,N,       ,N,N,0,Clear,Daylight,1.0,19.0,0,Roadway Departure Left,0,N,0.0,D,2.0,20.0,M,Y,1.0,Apparently Normal,4.0,0,0,0,Unsafe Speed,Exceeding Legal Limit,0,0,0,0,0,0,0,0,0,0,0,0,0,0,0,0,0,0,0,0,0,0,0,0,0,0,0,0,0,0,0,1,0,0,0,0,0
300462145,Cherokee,southern,,County Road,0,0.0,0.0,incapacitating_injury,2.0,0,1.0,1.0,0.0,ROLLOVER,ROLLOVER,35.7974,-94.8306,2020,2020-04-20,15.36,1,0,N,       ,N,N,0,Clear,Daylight,1.0,37.0,0,No Roadway Departure,0,N,0.0,D,19.0,47.0,M,Y,4.0,Apparently Normal,1.0,0,0,0,Unsafe Speed,For Type of Roadway (Pavement Surface),0,0,0,0,0,0,0,0,0,0,0,0,0,0,0,0,0,0,0,0,0,0,0,0,0,0,0,0,0,0,0,1,0,0,0,0,0
300462151,Delaware,northern,US-59,US Route,0,0.0,0.0,property_damage,0.0,0,0.0,0.0,0.0,F-O BARR-CONCRETE,FIXED-OBJECT,36.64905211,-94.81482819,2020,2020-04-25,11.43,1,0,N,       ,N,N,0,Clear,Daylight,1.0,20.0,0,Roadway Departure Right,0,N,0.0,D,2.0,21.0,M,Y,1.0,Apparently Normal,4.0,0,0,0,Unsafe Speed,Other,0,0,0,0,0,0,0,0,0,0,0,0,0,0,0,0,0,0,0,0,0,0,0,0,0,0,0,0,0,0,0,1,0,0,0,0,0
300462197,Muskogee,southern,,County Road,0,0.0,0.0,possible_injury,0.0,0,0.0,0.0,1.0,F-O TREE,FIXED-OBJECT,35.7276,-95.2803,2020,2020-04-30,21.22,1,0,N,       ,N,N,0,Clear,Dark / Unlighted,1.0,20.0,0,Roadway Departure Right,0,N,0.0,D,2.0,70.0,M,Y,2.0,Apparently Normal,1.0,1,0,0,Unsafe Speed,On Curve/Turn,0,0,0,0,0,0,0,0,0,0,0,0,0,0,0,0,0,0,0,0,0,0,0,0,0,0,0,0,0,0,0,1,0,0,0,1,0
300462226,McIntosh,southern,,County Road,0,0.0,0.0,possible_injury,0.0,0,0.0,0.0,1.0,F-O DITCH,FIXED-OBJECT,35.3765,-95.386,2020,2020-05-02,19.18,1,0,N,       ,Y,N,1,Clear,Daylight,1.0,20.0,0,Roadway Departure Right,0,N,0.0,D,19.0,34.0,M,Y,2.0,Odor of Alcohol Beverage,1.0,0,0,0,Unsafe Speed,For Type of Roadway (Pavement Surface),0,0,0,0,0,0,0,0,0,0,0,0,0,0,0,0,0,0,0,0,0,0,0,0,0,0,0,0,0,0,0,1,0,0,0,0,0
300462230,Adair,southern,,County Road,0,0.0,0.0,non_incapacitating_injury,1.0,0,0.0,1.0,0.0,F-O DITCH,FIXED-OBJECT,35.7081,-94.649,2020,2020-04-29,15.0,1,0,N,       ,N,N,0,Clear,Daylight,1.0,19.0,0,Roadway Departure Left,0,N,0.0,D,4.0,42.0,M,Y,3.0,Unknown,1.0,0,0,0,Unsafe Speed,On Curve/Turn,0,0,0,0,0,0,0,0,0,0,0,0,0,0,0,0,0,0,0,0,0,0,0,0,0,0,0,0,0,0,0,1,0,0,0,0,0
300462258,Delaware,northern,SH-20,State Highway,0,0.0,0.0,property_damage,0.0,0,0.0,0.0,0.0,F-O CULVERT,FIXED-OBJECT,36.48496087,-94.61546187,2020,2020-05-03,11.43,1,0,N,       ,N,N,0,Rain,Daylight,2.0,20.0,0,Roadway Departure Right,0,N,0.0,D,2.0,33.0,F,Y,1.0,Apparently Normal,4.0,0,0,0,Unsafe Speed,Rain or Wet Roadway,0,0,0,0,0,0,0,0,0,0,0,0,0,0,0,0,0,0,0,0,0,0,0,0,0,0,0,0,0,0,0,1,0,0,1,0,0
300462368,Tulsa,tulsa,I-244,Interstate,0,30.0,0.0,incapacitating_injury,1.0,0,1.0,0.0,0.0,F-O BARR-OTHER,FIXED-OBJECT,36.16572978,-95.85418767,2020,2020-05-04,14.23,1,0,N,       ,N,N,0,Clear,Daylight,1.0,20.0,0,Roadway Departure Right,0,N,0.0,D,15.0,49.0,M,Y,4.0,Apparently Normal,99.0,0,0,0,Unsafe Speed,Other,0,0,0,0,0,0,0,0,0,0,0,0,0,0,0,0,0,0,0,0,0,0,0,0,0,0,0,0,0,0,0,1,0,0,0,0,0