crash_id,county,region,highway_name,highway_class,intersection_rel,special_feature_1,special_feature_2,severity_level,visual_injured_num,fatal_num,suspected_serious_injured_num,non_incapacitated_injured_num,possibly_injured_num,crash_type,main_crash_type,latitude,longitude,year,date,time,number_of_vehicles,number_of_commercial_vehicles,work_zone,railroad_crossing,alcohol,drug,Alcohol or Drug,weather_condition,lighting_condition,road_condition,manner_of_collision,pedestrians_num,roadway_departure,cross_centerline,hit_and_run,emergency_vehicle_use,unit_type,vehicle_type,age,sex,driver_of_vehicle,injury_severity,person_condition,restraint_use,older_driver,teen_driver,Sleepy/Ill/Dizzy Driver,unsafe_unlaw_category,unsafe_unlaw_desc,Abnormal Traffic Control,Alcohol-DUI/DWI,Animal in Roadway,Apparently Sleepy,Avoiding Other Vehicle,Avoiding Pedestrian,Changed Lanes Unsafely,Deer in Roadway,Defect in Roadway,Disregarded Warning Signal,Domestic Animal in Roadway,Drug-DUI,Failed to Secure Load,Failed to Signal,Failed to Stop,Failed to Yield,Followed too Closely,Improper Backing,Improper Bicyclist Action,Improper Overtaking,Improper Parking,Improper Start From,Improper Turn,Improper Use of Lane,Distraction,Left of Center,No Improper Action by Driver,Object/Debris in Roadway,Other Improper Act/Movement,Pedestrian Action,Stopped in Traffic Lane,Speeding,Unsafe Vehicle,Wrong Way,Bad Weather,Bad Lighting,Bad Road Condition
300479568,Craig,northern,I-44,Turnpike Interstate,0,0.0,0.0,property_damage,0.0,0,0.0,0.0,0.0,SIDESWIPE-SAME,SIDESWIPE-SAME,36.56185486,-95.21740196,2020,2020-09-11,17.42,2,0,N,       ,N,N,0,Rain,Dusk,2.0,16,0,Roadway Departure Right,0,N,0.0,D,1.0,36.0,M,Y,1.0,Apparently Normal,4.0,0,0,0,Unsafe Speed,For Traffic Conditions,0,0,0,0,0,0,0,0,0,0,0,0,0,0,0,0,0,0,0,0,0,0,0,0,0,0,0,0,0,0,0,1,0,0,1,1,0
300479642,Mayes,northern,US412A,US Route,0,0.0,0.0,non_incapacitating_injury,1.0,0,0.0,1.0,1.0,ROLLOVER,ROLLOVER,36.20514324,-95.12756073,2020,2020-09-13,16.07,2,0,N,       ,N,N,0,Clear,Daylight,1.0,37,0,No Roadway Departure,0,N,0.0,D,15.0,43.0,M,Y,3.0,Apparently Normal,7.0,0,0,0,Unsafe Speed,For Traffic Conditions,0,0,0,0,0,0,0,0,0,0,0,0,0,0,0,0,0,0,0,0,0,0,0,0,0,0,0,0,0,0,0,1,0,0,0,0,0
300479692,McIntosh,southern,,County Road,0,0.0,0.0,incapacitating_injury,1.0,0,1.0,0.0,0.0,ROLLOVER,ROLLOVER,35.3482,-95.451,2020,2020-09-19,16.11,1,0,N,       ,N,N,0,Clear,Daylight,1.0,37,0,No Roadway Departure,0,N,0.0,D,15.0,58.0,M,Y,4.0,Apparently Normal,1.0,0,0,0,Unsafe Speed,On Curve/Turn,0,0,0,0,0,0,0,0,0,0,0,0,0,0,0,0,0,0,0,0,0,0,0,0,0,0,0,0,0,0,0,1,0,0,0,0,0
300479731,Tulsa,tulsa,,City Street,1,0.0,0.0,incapacitating_injury,1.0,0,1.0,0.0,0.0,ANGLE-TURNING,ANGLE-TURNING,36.1875813,-95.9308941,2020,2020-09-15,18.43,2,0,N,       ,N,N,0,Clear,Daylight,1.0,6,0,No Roadway Departure,0,N,0.0,D,15.0,16.0,F,Y,4.0,Apparently Normal,1.0,0,1,0,Unsafe Speed,View Obstruction,0,0,0,0,0,0,0,0,0,0,0,0,0,0,0,0,0,0,0,0,0,0,0,0,0,0,0,0,0,0,0,1,0,0,0,0,0
300479772,Mayes,northern,,County Road,0,0.0,0.0,possible_injury,0.0,0,0.0,0.0,2.0,F-O TREE,FIXED-OBJECT,36.4169,-95.4174,2020,2020-09-20,1.13,1,0,N,       ,N,N,0,Clear,Dark / Unlighted,1.0,19,0,Roadway Departure Left,0,N,0.0,D,20.0,15.0,M,Y,2.0,Apparently Normal,4.0,0,1,0,Unsafe Speed,On Curve/Turn,0,0,0,0,0,0,0,0,0,0,0,0,0,0,0,0,0,0,0,0,0,0,0,0,0,0,0,0,0,0,0,1,0,0,0,1,0
300479815,McIntosh,southern,,County Road,0,99.0,80.0,property_damage,0.0,0,0.0,0.0,0.0,ROLLOVER,ROLLOVER,35.3775,-95.4691,2020,2020-09-20,3.06,1,0,N,       ,N,N,0,Clear,Dark / Unlighted,1.0,19,0,Fixed Object,0,N,0.0,D,4.0,21.0,M,Y,1.0,Apparently Normal,1.0,0,0,0,Unsafe Speed,On Curve/Turn,0,0,0,0,0,0,0,0,0,0,0,0,0,0,0,0,0,0,0,0,0,0,0,0,0,0,0,0,0,0,0,1,0,0,0,1,0
300479981,Sequoyah,southern,I-40,Interstate,0,0.0,0.0,property_damage,0.0,0,0.0,0.0,0.0,F-O BARR-CABLE,FIXED-OBJECT,35.39752585,-94.55089743,2020,2020-09-22,9.42,1,0,N,       ,N,N,0,Rain,Daylight,2.0,19,0,Roadway Departure Left,0,N,0.0,D,2.0,20.0,F,Y,1.0,Apparently Normal,4.0,0,0,0,Unsafe Speed,Rain or Wet Roadway,0,0,0,0,0,0,0,0,0,0,0,0,0,0,0,0,0,0,0,0,0,0,0,0,0,0,0,0,0,0,0,1,0,0,1,0,0
300479999,Delaware,northern,SH-116,State Highway,1,0.0,0.0,property_damage,0.0,0,0.0,0.0,0.0,REAR-END,REAR-END,36.26398756,-94.66616869,2020,2020-09-18,12.48,2,0,N,       ,N,N,0,Clear,Daylight,1.0,4,0,Roadway Departure Right,0,N,0.0,D,4.0,17.0,M,Y,1.0,Apparently Normal,1.0,0,1,0,Unsafe Speed,For Traffic Conditions,0,0,0,0,0,0,0,0,0,0,0,0,0,0,0,0,0,0,0,0,0,0,0,0,0,0,0,0,0,0,0,1,0,0,0,0,0
300480006,Delaware,northern,SH-10,State Highway,0,0.0,0.0,property_damage,0.0,0,0.0,0.0,0.0,F-O TRAFF-SIGN,FIXED-OBJECT,36.16604889,-94.78125,2020,2020-09-21,17.39,1,1,N,       ,N,N,0,Clear,Daylight,1.0,20,0,Roadway Departure Right,0,N,0.0,D,10.0,50.0,M,Y,0.0,Apparently Normal,4.0,0,0,0,Unsafe Speed,On Curve/Turn,0,0,0,0,0,0,0,0,0,0,0,0,0,0,0,0,0,0,0,0,0,0,0,0,0,0,0,0,0,0,0,1,0,0,0,0,0
300480050,Cherokee,southern,SH-82,State Highway,1,0.0,0.0,possible_injury,0.0,0,0.0,0.0,2.0,REAR-END,REAR-END,35.75685248,-94.89708012,2020,2020-09-17,15.4,2,0,N,       ,N,N,0,Clear,Daylight,1.0,4,0,Roadway Departure Right,0,N,0.0,D,4.0,86.0,M,Y,2.0,Apparently Normal,4.0,1,0,0,Unsafe Speed,For Traffic Conditions,0,0,0,0,0,0,0,0,0,0,0,0,0,0,0,0,0,0,0,0,0,0,0,0,0,0,0,0,0,0,0,1,0,0,0,0,0
300480052,Cherokee,southern,SH-80,State Highway,0,0.0,0.0,non_incapacitating_injury,1.0,0,0.0,1.0,0.0,F-O DITCH,FIXED-OBJECT,35.88814192,-95.21671452,2020,2020-09-18,12.55,1,0,N,       ,N,N,0,Clear,Daylight,1.0,19,0,Roadway Departure Left,0,N,0.0,D,16.0,59.0,M,Y,3.0,Apparently Normal,7.0,0,0,0,Unsafe Speed,On Curve/Turn,0,0,0,0,0,0,0,0,0,0,0,0,0,0,0,0,0,0,0,0,0,0,0,0,0,0,0,0,0,0,0,1,0,0,0,0,0
300480111,Tulsa,tulsa,US-75,US Route,0,0.0,0.0,possible_injury,0.0,0,0.0,0.0,1.0,F-O TRAFF-SIGN,FIXED-OBJECT,36.19574882,-95.95094653,2020,2020-09-22,13.37,1,0,N,       ,N,N,0,Rain,Daylight,2.0,19,0,Roadway Departure Left,0,N,0.0,D,2.0,36.0,M,Y,1.0,Apparently Normal,4.0,0,0,0,Unsafe Speed,Rain or Wet Roadway,0,0,0,0,0,0,0,0,0,0,0,0,0,0,0,0,0,0,0,0,0,0,0,0,0,0,0,0,0,0,0,1,0,0,1,0,0
300480115,Tulsa,tulsa,,City Street,5,99.0,80.0,property_damage,0.0,0,0.0,0.0,0.0,OTHER,OTHER,36.17377461,-95.9247335,2020,2020-09-12,10.0,2,0,N,       ,N,N,0,Clear,Daylight,1.0,35,0,No Roadway Departure,0,Y,9.0,D,99.0,0.0,9,Y,1.0,Unknown,99.0,0,0,0,Unsafe Speed,Other,0,0,0,0,0,0,0,0,0,0,0,0,0,0,0,0,0,0,0,0,0,0,0,0,0,0,0,0,0,0,0,1,0,0,0,0,0
300480122,Delaware,northern,US-59,US Route,1,0.0,0.0,property_damage,0.0,0,0.0,0.0,0.0,REAR-END,REAR-END,36.49567697,-94.78235018,2020,2020-09-17,15.25,2,0,N,       ,N,N,0,Clear,Daylight,1.0,4,0,Roadway Departure Right,0,N,0.0,D,20.0,17.0,F,Y,1.0,Apparently Normal,4.0,0,1,0,Unsafe Speed,Inexperienced Driver - Young,0,0,0,0,0,0,0,0,0,0,0,0,0,0,0,0,0,0,0,0,0,0,0,0,0,0,0,0,0,0,0,1,0,0,0,0,0
300480132,Washington,northern,US-60,US Route,0,5.0,0.0,possible_injury,0.0,0,0.0,0.0,2.0,REAR-END,REAR-END,36.72793634,-95.85542067,2020,2020-09-20,11.19,2,0,Y,       ,N,N,0,Clear,Daylight,1.0,3,0,No Roadway Departure,0,Y,0.0,D,2.0,39.0,M,Y,1.0,Apparently Normal,99.0,0,0,0,Unsafe Speed,For Traffic Conditions,0,0,0,0,0,0,0,0,0,0,0,0,0,0,0,0,0,0,0,0,0,0,0,0,0,0,0,0,0,0,0,1,0,0,0,0,0
300480175,Cherokee,southern,,County Road,0,0.0,0.0,non_incapacitating_injury,1.0,0,0.0,1.0,0.0,F-O EMBANKMENT,FIXED-OBJECT,35.8126,-94.9098,2020,2020-09-13,21.06,1,0,N,       ,Y,N,1,Clear,Dark / Unlighted,1.0,19,0,Fixed Object,0,N,0.0,D,19.0,41.0,F,Y,3.0,Odor of Alcohol Beverage,1.0,0,0,0,Unsafe Speed,On Curve/Turn,0,0,0,0,0,0,0,0,0,0,0,0,0,0,0,0,0,0,0,0,0,0,0,0,0,0,0,0,0,0,0,1,0,0,0,1,0
300480257,Tulsa,tulsa,,City Street,1,0.0,0.0,possible_injury,0.0,0,0.0,0.0,1.0,F-O BARR-CONCRETE,FIXED-OBJECT,36.184303,-95.886674,2020,2020-09-19,23.52,1,0,N,       ,N,N,0,Clear,Dark / Unlighted,2.0,41,0,Fixed Object,0,N,0.0,D,2.0,14.0,M,Y,2.0,Apparently Normal,4.0,0,1,0,Unsafe Speed,On Curve/Turn,0,0,0,0,0,0,0,0,0,0,0,0,0,0,0,0,0,0,0,0,0,0,0,0,0,0,0,0,0,0,0,1,0,0,0,1,0
300480380,Delaware,northern,SH-116,State Highway,0,10.0,0.0,property_damage,0.0,0,0.0,0.0,0.0,ROLLOVER,ROLLOVER,36.26685809,-94.71129505,2020,2020-09-19,18.46,1,0,N,       ,N,N,0,Clear,Dusk,1.0,19,0,Roadway Departure Left,0,N,0.0,D,4.0,21.0,F,Y,1.0,Apparently Normal,4.0,0,0,0,Unsafe Speed,On Curve/Turn,0,0,0,0,0,0,0,0,0,0,0,0,0,0,0,0,0,0,0,0,0,0,0,0,0,0,0,0,0,0,0,1,0,0,0,1,0
300480384,Delaware,northern,,County Road,0,99.0,80.0,property_damage,0.0,0,0.0,0.0,0.0,F-O FENCE,FIXED-OBJECT,36.2077,-94.7019,2020,2020-09-22,11.0,1,0,N,       ,N,N,0,Rain,Daylight,2.0,19,0,Roadway Departure Left,0,N,0.0,D,2.0,57.0,M,Y,1.0,Apparently Normal,4.0,0,0,0,Unsafe Speed,Rain or Wet Roadway,0,0,0,0,0,0,0,0,0,0,0,0,0,0,0,0,0,0,0,0,0,0,0,0,0,0,0,0,0,0,0,1,0,0,1,0,0
300480399,Tulsa,tulsa,US-169,US Route,0,0.0,0.0,property_damage,0.0,0,0.0,0.0,0.0,REAR-END,REAR-END,36.22989672,-95.84981818,2020,2020-09-24,17.15,2,0,N,       ,N,N,0,Clear,Daylight,1.0,3,0,No Roadway Departure,0,N,0.0,D,4.0,44.0,M,Y,1.0,Apparently Normal,4.0,0,0,0,Unsafe Speed,For Traffic Conditions,0,0,0,0,0,0,0,0,0,0,0,0,0,0,0,0,0,0,0,0,0,0,0,0,0,0,0,0,0,0,0,1,0,0,0,0,0
300480417,Rogers,northern,,County Road,0,0.0,0.0,fatal,0.0,1,0.0,0.0,0.0,F-O TREE,FIXED-OBJECT,36.4957,-95.445,2020,2020-07-08,15.56,1,0,N,       ,N,N,0,Clear,Daylight,1.0,20,0,Roadway Departure Right,0,N,0.0,D,20.0,61.0,M,Y,5.0,Apparently Normal,1.0,0,0,0,Unsafe Speed,On Curve/Turn,0,0,0,0,0,0,0,0,0,0,0,0,0,0,0,0,0,0,0,0,0,0,0,0,0,0,0,0,0,0,0,1,0,0,0,0,0
300480476,Craig,northern,SH-2,State Highway,0,0.0,0.0,possible_injury,0.0,0,0.0,0.0,1.0,F-O UTIL-POLE,FIXED-OBJECT,36.77878679,-95.14498743,2020,2020-09-24,6.17,1,0,N,       ,N,N,0,Fog/Smoke,Dawn,1.0,20,0,Roadway Departure Right,0,N,0.0,D,2.0,20.0,M,Y,2.0,Apparently Normal,4.0,0,0,0,Unsafe Speed,On Curve/Turn,0,0,0,0,0,0,0,0,0,0,0,0,0,0,0,0,0,0,0,0,0,0,0,0,0,0,0,0,0,0,0,1,0,0,1,1,0
300480565,Muskogee,southern,,County Road,0,0.0,0.0,non_incapacitating_injury,1.0,0,0.0,1.0,0.0,ROLLOVER,ROLLOVER,35.3251,-95.2386,2020,2020-09-25,17.02,1,0,N,       ,N,N,0,Clear,Daylight,5.0,20,0,Roadway Departure Right,0,N,0.0,D,19.0,15.0,M,Y,3.0,Apparently Normal,1.0,0,1,0,Unsafe Speed,For Type of Roadway (Pavement Surface),0,0,0,0,0,0,0,0,0,0,0,0,0,0,0,0,0,0,0,0,0,0,0,0,0,0,0,0,0,0,0,1,0,0,0,0,1
300480646,Mayes,northern,,County Road,0,99.0,80.0,property_damage,0.0,0,0.0,0.0,0.0,F-O TREE,FIXED-OBJECT,36.4058,-95.1667,2020,2020-09-22,14.45,1,0,N,       ,N,N,0,Rain,Daylight,2.0,19,0,Roadway Departure Left,0,Y,0.0,D,20.0,0.0,9,Y,1.0,Unknown,99.0,0,0,0,Unsafe Speed,Rain or Wet Roadway,0,0,0,0,0,0,0,0,0,0,0,0,0,0,0,0,0,0,0,0,0,0,0,0,0,0,0,0,0,0,0,1,0,0,1,0,0
300480700,Tulsa,northern,,County Road,0,0.0,0.0,possible_injury,0.0,0,0.0,0.0,1.0,OTHER,OTHER,36.296,-95.8605,2020,2020-09-12,13.47,3,0,N,       ,N,N,0,Clear,Daylight,1.0,19,0,Roadway Departure Left,0,N,0.0,D,2.0,16.0,M,Y,2.0,Apparently Normal,4.0,0,1,0,Unsafe Speed,Inexperienced Driver - Young,0,0,0,0,0,0,0,0,0,0,0,0,0,0,0,0,0,0,0,0,0,0,0,0,0,0,0,0,0,0,0,1,0,0,0,0,0
300480716,Muskogee,southern,MUSTPK,Turnpike,0,0.0,0.0,property_damage,0.0,0,0.0,0.0,0.0,F-O BARR-CABLE,FIXED-OBJECT,35.54162709,-95.22588078,2020,2020-09-22,10.47,2,1,N,       ,N,N,0,Rain,Daylight,2.0,19,0,Roadway Departure Right,0,N,0.0,D,2.0,18.0,M,Y,1.0,Apparently Normal,4.0,0,1,0,Unsafe Speed,Rain or Wet Roadway,0,0,0,0,0,0,0,0,0,0,0,0,0,0,0,0,0,0,0,0,0,0,0,0,0,0,0,0,0,0,0,1,0,0,1,0,0
300480721,Tulsa,tulsa,,City Street,8,99.0,80.0,property_damage,0.0,0,0.0,0.0,0.0,OTHER,OTHER,36.1790033,-95.94793043,2020,2020-09-25,16.2,2,0,N,       ,N,N,0,Clear,Daylight,1.0,35,0,No Roadway Departure,0,Y,0.0,D,99.0,0.0,9,Y,1.0,Unknown,99.0,0,0,0,Unsafe Speed,For Traffic Conditions,0,0,0,0,0,0,0,0,0,0,0,0,0,0,0,0,0,0,0,0,0,0,0,0,0,0,0,0,0,0,0,1,0,0,0,0,0
300480743,Tulsa,tulsa,,City Street,1,0.0,0.0,non_incapacitating_injury,3.0,0,0.0,3.0,0.0,F-O TREE,FIXED-OBJECT,36.1856019,-95.932642,2020,2020-09-28,9.3,1,0,N,       ,N,N,0,Clear,Daylight,1.0,20,0,Roadway Departure Right,0,Y,0.0,D,20.0,15.0,M,Y,3.0,Apparently Normal,4.0,0,1,0,Unsafe Speed,Exceeding Legal Limit,0,0,0,0,0,0,0,0,0,0,0,0,0,0,0,0,0,0,0,0,0,0,0,0,0,0,0,0,0,0,0,1,0,0,0,0,0
300480750,Mayes,northern,SH-20,State Highway,0,0.0,0.0,possible_injury,0.0,0,0.0,0.0,1.0,F-O UTIL-POLE,FIXED-OBJECT,36.40785187,-95.01746875,2020,2020-09-27,17.59,1,0,N,       ,N,N,0,Rain,Daylight,2.0,20,0,Roadway Departure Right,0,N,0.0,D,4.0,19.0,M,Y,2.0,Apparently Normal,4.0,0,1,0,Unsafe Speed,Rain or Wet Roadway,0,0,0,0,0,0,0,0,0,0,0,0,0,0,0,0,0,0,0,0,0,0,0,0,0,0,0,0,0,0,0,1,0,0,1,0,0
300480751,Delaware,northern,,County Road,0,0.0,0.0,non_incapacitating_injury,2.0,0,0.0,2.0,0.0,F-O TREE,FIXED-OBJECT,36.4826,-94.8968,2020,2020-09-25,20.33,1,0,N,       ,N,N,0,Clear,Dark / Unlighted,1.0,20,0,Roadway Departure Right,0,N,0.0,D,4.0,25.0,M,Y,3.0,Apparently Normal,4.0,0,0,0,Unsafe Speed,On Curve/Turn,0,0,0,0,0,0,0,0,0,0,0,0,0,0,0,0,0,0,0,0,0,0,0,0,0,0,0,0,0,0,0,1,0,0,0,1,0
300480761,McIntosh,southern,I-40,Interstate,0,0.0,0.0,non_incapacitating_injury,1.0,0,0.0,1.0,0.0,F-O TREE,FIXED-OBJECT,35.45611712,-95.39819447,2020,2020-09-22,11.15,1,0,N,       ,N,N,0,Rain,Daylight,2.0,19,0,Roadway Departure Left,0,N,0.0,D,4.0,18.0,M,Y,3.0,Apparently Normal,4.0,0,1,0,Unsafe Speed,Rain or Wet Roadway,0,0,0,0,0,0,0,0,0,0,0,0,0,0,0,0,0,0,0,0,0,0,0,0,0,0,0,0,0,0,0,1,0,0,1,0,0
300480906,Delaware,northern,,County Road,0,99.0,80.0,property_damage,0.0,0,0.0,0.0,0.0,ROLLOVER,ROLLOVER,36.5362,-94.6836,2020,2020-09-29,7.41,1,0,N,       ,N,N,0,Clear,Daylight,5.0,37,0,Roadway Departure Left,0,Y,0.0,D,4.0,0.0,9,Y,1.0,Unknown,99.0,0,0,0,Unsafe Speed,For Type of Roadway (Pavement Surface),0,0,0,0,0,0,0,0,0,0,0,0,0,0,0,0,0,0,0,0,0,0,0,0,0,0,0,0,0,0,0,1,0,0,0,0,1
300480937,Adair,southern,US-62,US Route,0,0.0,0.0,property_damage,0.0,0,0.0,0.0,0.0,F-O DITCH,FIXED-OBJECT,35.96676525,-94.68206514,2020,2020-09-22,8.08,1,0,N,       ,N,N,0,Rain,Daylight,2.0,19,0,Roadway Departure Left,0,N,0.0,D,2.0,24.0,F,Y,1.0,Apparently Normal,4.0,0,0,0,Unsafe Speed,Rain or Wet Roadway,0,0,0,0,0,0,0,0,0,0,0,0,0,0,0,0,0,0,0,0,0,0,0,0,0,0,0,0,0,0,0,1,0,0,1,0,0
300481080,Tulsa,tulsa,US-75,US Route,0,0.0,0.0,property_damage,0.0,0,0.0,0.0,0.0,F-O BARR-CABLE,FIXED-OBJECT,36.22488005,-95.94505662,2020,2020-09-22,14.04,1,0,N,       ,N,N,0,Rain,Daylight,2.0,19,0,Roadway Departure Left,0,N,0.0,D,1.0,20.0,F,Y,1.0,Apparently Normal,4.0,0,0,0,Unsafe Speed,Rain or Wet Roadway,0,0,0,0,0,0,0,0,0,0,0,0,0,0,0,0,0,0,0,0,0,0,0,0,0,0,0,0,0,0,0,1,0,0,1,0,0
300481335,Tulsa,tulsa,,City Street,1,0.0,0.0,non_incapacitating_injury,1.0,0,0.0,1.0,0.0,REAR-END,REAR-END,36.1769327,-95.9806471,2020,2020-09-28,12.3,3,0,N,       ,N,N,0,Clear,Daylight,1.0,3,0,No Roadway Departure,0,N,0.0,D,1.0,75.0,M,Y,1.0,Apparently Normal,4.0,1,0,0,Unsafe Speed,For Traffic Conditions,0,0,0,0,0,0,0,0,0,0,0,0,0,0,0,0,0,0,0,0,0,0,0,0,0,0,0,0,0,0,0,1,0,0,0,0,0
300481357,Tulsa,tulsa,,City Street,1,0.0,0.0,non_incapacitating_injury,2.0,0,0.0,2.0,0.0,RIGHT-ANGLE,RIGHT-ANGLE,36.1769373,-95.9755261,2020,2020-08-30,23.53,2,0,N,       ,N,N,0,Clear,Dark / Lighted,1.0,1,0,No Roadway Departure,0,N,0.0,D,2.0,25.0,M,Y,3.0,Apparently Normal,1.0,0,0,0,Unsafe Speed,Exceeding Legal Limit,0,0,0,0,0,0,0,0,0,0,0,0,0,0,0,0,0,0,0,0,0,0,0,0,0,0,0,0,0,0,0,1,0,0,0,0,0
300481372,Tulsa,northern,,County Road,0,99.0,80.0,property_damage,0.0,0,0.0,0.0,0.0,F-O TRAFF-SIGN,FIXED-OBJECT,36.2459,-95.9854,2020,2020-09-10,22.43,1,0,N,       ,N,N,0,Cloudy,Dark / Lighted,1.0,19,0,Roadway Departure Left,0,Y,0.0,D,2.0,0.0,9,Y,1.0,Unknown,99.0,0,0,0,Unsafe Speed,On Curve/Turn,0,0,0,0,0,0,0,0,0,0,0,0,0,0,0,0,0,0,0,0,0,0,0,0,0,0,0,0,0,0,0,1,0,0,0,0,0
300481377,Tulsa,tulsa,,City Street,8,99.0,80.0,property_damage,0.0,0,0.0,0.0,0.0,OTHER,OTHER,36.22429068,-95.98589496,2020,2020-09-20,20.4,3,0,N,       ,N,N,0,Clear,Dark / Unlighted,1.0,35,0,No Roadway Departure,0,Y,0.0,D,20.0,23.0,F,Y,1.0,"Emotional (depressed, angry, disturbed, etc.)",99.0,0,0,0,Unsafe Speed,For Traffic Conditions,0,0,0,0,0,0,0,0,0,0,0,0,0,0,0,0,0,0,0,0,0,0,0,0,0,0,0,0,0,0,0,1,0,0,0,1,0
300481384,Ottawa,northern,I-44,Turnpike Interstate,0,0.0,0.0,property_damage,0.0,0,0.0,0.0,0.0,REAR-END,REAR-END,36.72009833,-94.94137259,2020,2020-09-07,16.49,2,2,N,       ,N,N,0,Clear,Daylight,1.0,3,0,No Roadway Departure,0,N,0.0,D,10.0,33.0,M,Y,1.0,Apparently Normal,4.0,0,0,0,Unsafe Speed,For Traffic Conditions,0,0,0,0,0,0,0,0,0,0,0,0,0,0,0,0,0,0,0,0,0,0,0,0,0,0,0,0,0,0,0,1,0,0,0,0,0
300481421,Rogers,northern,,County Road,0,0.0,0.0,non_incapacitating_injury,1.0,0,0.0,1.0,0.0,F-O TREE,FIXED-OBJECT,36.2721,-95.5431,2020,2020-09-10,6.05,1,0,N,       ,N,N,0,Cloudy,Dark / Unlighted,2.0,20,0,Roadway Departure Right,0,N,0.0,D,2.0,33.0,M,Y,3.0,Apparently Normal,4.0,0,0,0,Unsafe Speed,Rain or Wet Roadway,0,0,0,0,0,0,0,0,0,0,0,0,0,0,0,0,0,0,0,0,0,0,0,0,0,0,0,0,0,0,0,1,0,0,0,1,0
300481424,Rogers,northern,,County Road,0,0.0,0.0,non_incapacitating_injury,1.0,0,0.0,1.0,0.0,ROLLOVER,ROLLOVER,36.3195,-95.5788,2020,2020-09-10,20.48,1,0,N,       ,N,N,0,Clear,Dark / Unlighted,1.0,20,0,Roadway Departure Right,0,N,0.0,D,1.0,19.0,F,Y,3.0,Apparently Normal,4.0,0,1,0,Unsafe Speed,Exceeding Legal Limit,0,0,0,0,0,0,0,0,0,0,0,0,0,0,0,0,0,0,0,0,0,0,0,0,0,0,0,0,0,0,0,1,0,0,0,1,0
300481533,Tulsa,tulsa,I-244,Interstate,0,0.0,0.0,non_incapacitating_injury,1.0,0,0.0,1.0,0.0,F-O BARR-CONCRETE,FIXED-OBJECT,36.16183382,-95.89304229,2020,2020-09-19,1.55,1,0,N,       ,N,N,0,Clear,Dark / Lighted,1.0,19,0,Roadway Departure Left,0,N,0.0,D,15.0,17.0,M,Y,3.0,Apparently Normal,7.0,0,1,0,Unsafe Speed,On Curve/Turn,0,0,0,0,0,0,0,0,0,0,0,0,0,0,0,0,0,0,0,0,0,0,0,0,0,0,0,0,0,0,0,1,0,0,0,0,0
300481614,Rogers,northern,SH-88,State Highway,0,0.0,0.0,property_damage,0.0,0,0.0,0.0,0.0,F-O GUARDRL-FACE,FIXED-OBJECT,36.4378661,-95.69031367,2020,2020-09-22,15.15,1,0,N,       ,N,N,0,Rain,Daylight,2.0,20,0,Roadway Departure Right,0,N,0.0,D,20.0,28.0,F,Y,1.0,Apparently Normal,4.0,0,0,0,Unsafe Speed,Rain or Wet Roadway,0,0,0,0,0,0,0,0,0,0,0,0,0,0,0,0,0,0,0,0,0,0,0,0,0,0,0,0,0,0,0,1,0,0,1,0,0
300481623,Cherokee,southern,SH-82,State Highway,0,0.0,0.0,property_damage,0.0,0,0.0,0.0,0.0,F-O UTIL-POLE,FIXED-OBJECT,36.03285798,-95.05811453,2020,2020-09-25,2.46,1,0,N,       ,N,N,0,Clear,Dark / Unlighted,1.0,20,0,Roadway Departure Right,0,N,0.0,D,2.0,32.0,M,Y,1.0,Apparently Normal,4.0,0,0,0,Unsafe Speed,Exceeding Legal Limit,0,0,0,0,0,0,0,0,0,0,0,0,0,0,0,0,0,0,0,0,0,0,0,0,0,0,0,0,0,0,0,1,0,0,0,1,0
300481842,Cherokee,southern,,County Road,0,99.0,80.0,property_damage,0.0,0,0.0,0.0,0.0,ROLLOVER,ROLLOVER,35.7106,-95.0047,2020,2020-09-28,12.0,1,0,N,       ,N,N,0,Clear,Daylight,1.0,37,0,Roadway Departure Right,0,N,0.0,D,5.0,23.0,M,Y,1.0,Apparently Normal,4.0,0,0,0,Unsafe Speed,Driver's Ability (Aged),0,0,0,0,0,0,0,0,0,0,0,0,0,0,0,0,0,0,0,0,0,0,0,0,0,0,0,0,0,0,0,1,0,0,0,0,0
300481935,Delaware,northern,,County Road,0,80.0,99.0,property_damage,0.0,0,0.0,0.0,0.0,F-O FENCE,FIXED-OBJECT,36.1617,-94.6457,2020,2020-10-01,7.32,1,0,N,       ,N,N,0,Clear,Dawn,1.0,20,0,Roadway Departure Left,0,N,0.0,D,4.0,35.0,F,Y,1.0,Apparently Normal,1.0,0,0,0,Unsafe Speed,For Type of Roadway (Pavement Surface),0,0,0,0,0,0,0,0,0,0,0,0,0,0,0,0,0,0,0,0,0,0,0,0,0,0,0,0,0,0,0,1,0,0,0,1,0
300482069,Mayes,northern,SH-20,State Highway,0,76.0,0.0,non_incapacitating_injury,1.0,0,0.0,1.0,0.0,F-O TREE,FIXED-OBJECT,36.29821124,-95.18278932,2020,2020-10-04,15.33,1,0,N,       ,N,N,0,Clear,Daylight,1.0,19,0,Roadway Departure Left,0,N,0.0,D,1.0,57.0,M,Y,3.0,Apparently Normal,4.0,0,0,0,Unsafe Speed,On Curve/Turn,0,0,0,0,0,0,0,0,0,0,0,0,0,0,0,0,0,0,0,0,0,0,0,0,0,0,0,0,0,0,0,1,0,0,0,0,0