crash_id,county,region,highway_name,highway_class,intersection_rel,special_feature_1,special_feature_2,severity_level,visual_injured_num,fatal_num,suspected_serious_injured_num,non_incapacitated_injured_num,possibly_injured_num,crash_type,main_crash_type,latitude,longitude,year,date,time,number_of_vehicles,number_of_commercial_vehicles,work_zone,railroad_crossing,alcohol,drug,Alcohol or Drug,weather_condition,lighting_condition,road_condition,manner_of_collision,pedestrians_num,roadway_departure,cross_centerline,hit_and_run,emergency_vehicle_use,unit_type,vehicle_type,age,sex,driver_of_vehicle,injury_severity,person_condition,restraint_use,older_driver,teen_driver,Sleepy/Ill/Dizzy Driver,unsafe_unlaw_category,unsafe_unlaw_desc,Abnormal Traffic Control,Alcohol-DUI/DWI,Animal in Roadway,Apparently Sleepy,Avoiding Other Vehicle,Avoiding Pedestrian,Changed Lanes Unsafely,Deer in Roadway,Defect in Roadway,Disregarded Warning Signal,Domestic Animal in Roadway,Drug-DUI,Failed to Secure Load,Failed to Signal,Failed to Stop,Failed to Yield,Followed too Closely,Improper Backing,Improper Bicyclist Action,Improper Overtaking,Improper Parking,Improper Start From,Improper Turn,Improper Use of Lane,Distraction,Left of Center,No Improper Action by Driver,Object/Debris in Roadway,Other Improper Act/Movement,Pedestrian Action,Stopped in Traffic Lane,Speeding,Unsafe Vehicle,Wrong Way,Bad Weather,Bad Lighting,Bad Road Condition
300482114,Cherokee,southern,,County Road,0,80.0,99.0,property_damage,0.0,0,0.0,0.0,0.0,F-O FENCE,FIXED-OBJECT,35.7534,-94.9443,2020,2020-10-04,7.16,1,0,N,       ,N,N,0,Clear,Dawn,1.0,20,0,Roadway Departure Right,0,Y,0.0,D,2.0,43.0,F,Y,1.0,Apparently Normal,4.0,0,0,0,Unsafe Speed,On Curve/Turn,0,0,0,0,0,0,0,0,0,0,0,0,0,0,0,0,0,0,0,0,0,0,0,0,0,0,0,0,0,0,0,1,0,0,0,1,0
300482151,Rogers,northern,SH-20,State Highway,0,72.0,0.0,property_damage,0.0,0,0.0,0.0,0.0,REAR-END,REAR-END,36.30736566,-95.66426718,2020,2020-10-01,17.03,2,0,N,       ,N,N,0,Clear,Dusk,1.0,3,0,No Roadway Departure,0,N,0.0,D,2.0,23.0,M,Y,1.0,Apparently Normal,4.0,0,0,0,Unsafe Speed,For Traffic Conditions,0,0,0,0,0,0,0,0,0,0,0,0,0,0,0,0,0,0,0,0,0,0,0,0,0,0,0,0,0,0,0,1,0,0,0,1,0
300482236,Adair,southern,US-59,US Route,0,0.0,0.0,property_damage,0.0,0,0.0,0.0,0.0,ROLLOVER,ROLLOVER,35.86443211,-94.64064528,2020,2020-10-07,16.51,1,0,N,       ,Y,N,1,Clear,Daylight,1.0,20,0,Roadway Departure Right,0,N,0.0,D,4.0,16.0,F,Y,1.0,Drinking - Ability Impaired,4.0,0,1,0,Unsafe Speed,Driver's Ability (Aged),0,0,0,0,0,0,0,0,0,0,0,0,0,0,0,0,0,0,0,0,0,0,0,0,0,0,0,0,0,0,0,1,0,0,0,0,0
300482454,Craig,northern,,County Road,0,0.0,0.0,possible_injury,0.0,0,0.0,0.0,1.0,F-O DITCH,FIXED-OBJECT,36.707,-95.3056,2020,2020-10-10,11.32,1,0,N,       ,N,N,0,Cloudy,Daylight,1.0,19,0,Roadway Departure Right,0,N,0.0,D,4.0,20.0,F,Y,2.0,Apparently Normal,1.0,0,0,0,Unsafe Speed,For Type of Roadway (Pavement Surface),0,0,0,0,0,0,0,0,0,0,0,0,0,0,0,0,0,0,0,0,0,0,0,0,0,0,0,0,0,0,0,1,0,0,0,0,0
300482640,Ottawa,northern,,County Road,0,0.0,0.0,non_incapacitating_injury,1.0,0,0.0,1.0,0.0,F-O TREE,FIXED-OBJECT,36.8917,-94.9813,2020,2020-10-11,0.0,1,0,N,       ,N,N,0,Clear,Daylight,1.0,19,0,Fixed Object,0,N,0.0,D,20.0,34.0,F,Y,3.0,Apparently Normal,4.0,0,0,0,Unsafe Speed,Exceeding Legal Limit,0,0,0,0,0,0,0,0,0,0,0,0,0,0,0,0,0,0,0,0,0,0,0,0,0,0,0,0,0,0,0,1,0,0,0,0,0
300482644,Mayes,northern,US412A,US Route,0,0.0,0.0,possible_injury,0.0,0,0.0,0.0,3.0,F-O TREE,FIXED-OBJECT,36.21964916,-95.04122386,2020,2020-10-11,2.09,1,0,N,       ,N,N,0,Clear,Dark / Unlighted,1.0,20,0,Roadway Departure Right,0,N,0.0,D,2.0,19.0,F,Y,2.0,Apparently Normal,4.0,0,1,0,Unsafe Speed,Inexperienced Driver - Young,0,0,0,0,0,0,0,0,0,0,0,0,0,0,0,0,0,0,0,0,0,0,0,0,0,0,0,0,0,0,0,1,0,0,0,1,0
300482664,Tulsa,tulsa,,City Street,5,0.0,0.0,fatal,0.0,1,0.0,0.0,0.0,PEDAL-CYCLE,PEDAL-CYCLE,36.16653461,-95.958184,2020,2020-09-20,20.25,1,0,N,       ,Y,N,1,Clear,Dark / Lighted,1.0,21,0,No Roadway Departure,0,Y,0.0,D,4.0,58.0,M,Y,1.0,Odor of Alcohol Beverage,3.0,0,0,0,Unsafe Speed,For Traffic Conditions,0,0,0,0,0,0,0,0,0,0,0,0,0,0,0,0,0,0,0,0,0,0,0,0,0,0,0,0,0,0,0,1,0,0,0,0,0
300482720,Tulsa,tulsa,,City Street,7,0.0,0.0,possible_injury,0.0,0,0.0,0.0,1.0,F-O RET-WALL,FIXED-OBJECT,36.16218899,-95.9224948,2020,2020-10-05,20.16,1,0,N,       ,N,N,0,Clear,Dark / Unlighted,1.0,20,0,Roadway Departure Right,0,Y,0.0,D,2.0,18.0,M,Y,2.0,Apparently Normal,4.0,0,1,0,Unsafe Speed,Inexperienced Driver - Young,0,0,0,0,0,0,0,0,0,0,0,0,0,0,0,0,0,0,0,0,0,0,0,0,0,0,0,0,0,0,0,1,0,0,0,1,0
300482779,Tulsa,tulsa,,City Street,1,99.0,80.0,property_damage,0.0,0,0.0,0.0,0.0,REAR-END,REAR-END,36.1656479,-95.9671266,2020,2020-10-09,0.0,2,0,N,       ,N,N,0,Clear,Daylight,1.0,4,0,No Roadway Departure,0,N,0.0,D,2.0,24.0,M,Y,1.0,Apparently Normal,4.0,0,0,0,Unsafe Speed,For Traffic Conditions,0,0,0,0,0,0,0,0,0,0,0,0,0,0,0,0,0,0,0,0,0,0,0,0,0,0,0,0,0,0,0,1,0,0,0,0,0
300482857,Tulsa,tulsa,,City Street,1,99.0,80.0,property_damage,0.0,0,0.0,0.0,0.0,REAR-END,REAR-END,36.1662587,-95.940338,2020,2020-10-05,15.3,2,0,N,       ,N,N,0,Clear,Daylight,1.0,2,0,No Roadway Departure,0,Y,0.0,D,4.0,52.0,M,Y,1.0,Unknown,99.0,0,0,0,Unsafe Speed,For Traffic Conditions,0,0,0,0,0,0,0,0,0,0,0,0,0,0,0,0,0,0,0,0,0,0,0,0,0,0,0,0,0,0,0,1,0,0,0,0,0
300482990,Delaware,northern,,County Road,0,99.0,80.0,property_damage,0.0,0,0.0,0.0,0.0,F-O FENCE,FIXED-OBJECT,36.2635,-94.6555,2020,2020-10-09,14.4,1,0,N,       ,N,N,0,Clear,Daylight,1.0,20,0,Roadway Departure Right,0,Y,0.0,D,4.0,42.0,F,Y,1.0,Apparently Normal,4.0,0,0,0,Unsafe Speed,Exceeding Legal Limit,0,0,0,0,0,0,0,0,0,0,0,0,0,0,0,0,0,0,0,0,0,0,0,0,0,0,0,0,0,0,0,1,0,0,0,0,0
300483040,Tulsa,tulsa,SH-11,State Highway,0,42.0,0.0,property_damage,0.0,0,0.0,0.0,0.0,F-O TRAFF-SIGN,FIXED-OBJECT,36.19639817,-95.91815598,2020,2020-09-27,0.0,1,0,N,       ,N,N,0,Clear,,1.0,20,0,Roadway Departure Left,0,Y,0.0,D,1.0,0.0,9,Y,1.0,Unknown,99.0,0,0,0,Unsafe Speed,Exceeding Legal Limit,0,0,0,0,0,0,0,0,0,0,0,0,0,0,0,0,0,0,0,0,0,0,0,0,0,0,0,0,0,0,0,1,0,0,0,0,0
300483116,Washington,northern,US-75,US Route,0,0.0,0.0,possible_injury,0.0,0,0.0,0.0,4.0,SIDESWIPE-OPP,SIDESWIPE-OPP,36.82803396,-95.9354251,2020,2020-10-08,18.18,3,0,N,       ,N,N,0,Clear,Daylight,1.0,17,0,Roadway Departure Right,0,N,0.0,D,2.0,17.0,F,Y,2.0,Apparently Normal,4.0,0,1,0,Unsafe Speed,Other,0,0,0,0,0,0,0,0,0,0,0,0,0,0,0,0,0,0,0,0,0,0,0,0,0,0,0,0,0,0,0,1,0,0,0,0,0
300483132,Craig,northern,I-44,Turnpike Interstate,0,0.0,0.0,non_incapacitating_injury,1.0,0,0.0,1.0,0.0,F-O FENCE,FIXED-OBJECT,36.5909851,-95.1972578,2020,2020-10-13,6.42,1,0,N,       ,N,N,0,Clear,Dark / Unlighted,1.0,20,0,Roadway Departure Right,0,N,0.0,D,4.0,18.0,M,Y,1.0,Apparently Normal,4.0,0,1,0,Unsafe Speed,Other,0,0,0,0,0,0,0,0,0,0,0,0,0,0,0,0,0,0,0,0,0,0,0,0,0,0,0,0,0,0,0,1,0,0,0,1,0
300483220,Tulsa,tulsa,,City Street,5,99.0,80.0,property_damage,0.0,0,0.0,0.0,0.0,F-O UTIL-POLE,FIXED-OBJECT,36.17001681,-95.9581678,2020,2020-10-14,14.35,1,0,N,       ,N,N,0,Clear,Daylight,1.0,20,0,Roadway Departure Right,0,Y,0.0,D,20.0,0.0,9,Y,1.0,Unknown,99.0,0,0,0,Unsafe Speed,For Traffic Conditions,0,0,0,0,0,0,0,0,0,0,0,0,0,0,0,0,0,0,0,0,0,0,0,0,0,0,0,0,0,0,0,1,0,0,0,0,0
300483261,Sequoyah,southern,I-40,Interstate,0,0.0,0.0,property_damage,0.0,0,0.0,0.0,0.0,F-O BARR-CABLE,FIXED-OBJECT,35.39690361,-94.55775405,2020,2020-10-14,17.5,1,0,N,       ,N,N,0,Clear,Daylight,1.0,19,0,Roadway Departure Left,0,N,0.0,D,4.0,40.0,M,Y,1.0,Apparently Normal,4.0,0,0,0,Unsafe Speed,Other,0,0,0,0,0,0,0,0,0,0,0,0,0,0,0,0,0,0,0,0,0,0,0,0,0,0,0,0,0,0,0,1,0,0,0,0,0
300483268,Rogers,northern,I-44,Interstate,1,21.0,0.0,possible_injury,0.0,0,0.0,0.0,1.0,REAR-END,REAR-END,36.16254689,-95.76195288,2020,2020-09-22,16.01,2,0,N,       ,N,N,0,Rain,Daylight,2.0,2,0,No Roadway Departure,0,N,0.0,D,2.0,17.0,F,Y,1.0,Apparently Normal,4.0,0,1,0,Unsafe Speed,For Traffic Conditions,0,0,0,0,0,0,0,0,0,0,0,0,0,0,0,0,0,0,0,0,0,0,0,0,0,0,0,0,0,0,0,1,0,0,1,0,0
300483298,Tulsa,tulsa,,City Street,7,99.0,80.0,property_damage,0.0,0,0.0,0.0,0.0,OTHER,OTHER,36.18083949,-95.962301,2020,2020-10-14,16.39,2,0,N,       ,N,N,0,Clear,Daylight,1.0,35,0,No Roadway Departure,0,N,0.0,D,2.0,30.0,M,Y,1.0,Apparently Normal,4.0,0,0,0,Unsafe Speed,For Traffic Conditions,0,0,0,0,0,0,0,0,0,0,0,0,0,0,0,0,0,0,0,0,0,0,0,0,0,0,0,0,0,0,0,1,0,0,0,0,0
300483314,Tulsa,tulsa,,County Road,0,10.0,0.0,non_incapacitating_injury,1.0,0,0.0,1.0,0.0,F-O BR-RAIL,FIXED-OBJECT,36.2346,-95.9268,2020,2020-10-08,16.02,1,0,N,       ,N,N,0,Clear,Daylight,1.0,19,0,Roadway Departure Left,0,N,0.0,D,4.0,49.0,M,Y,3.0,Apparently Normal,4.0,0,0,0,Unsafe Speed,On Curve/Turn,0,0,0,0,0,0,0,0,0,0,0,0,0,0,0,0,0,0,0,0,0,0,0,0,0,0,0,0,0,0,0,1,0,0,0,0,0
300483334,Delaware,northern,US-59,US Route,1,0.0,0.0,non_incapacitating_injury,1.0,0,0.0,1.0,0.0,ANGLE-TURNING,ANGLE-TURNING,36.65197392,-94.81864594,2020,2020-10-13,20.55,2,0,N,       ,N,N,0,Clear,Dark / Unlighted,1.0,6,0,No Roadway Departure,0,N,0.0,D,15.0,43.0,M,Y,3.0,Apparently Normal,7.0,0,0,0,Unsafe Speed,Exceeding Legal Limit,0,0,0,0,0,0,0,0,0,0,0,0,0,0,0,0,0,0,0,0,0,0,0,0,0,0,0,0,0,0,0,1,0,0,0,1,0
300483369,Mayes,northern,,County Road,0,80.0,99.0,property_damage,0.0,0,0.0,0.0,0.0,ROLLOVER,ROLLOVER,36.2929,-95.1886,2020,2020-10-05,22.0,1,0,N,       ,N,N,0,Clear,Dark / Unlighted,1.0,37,0,Roadway Departure Right,0,N,0.0,D,20.0,33.0,F,Y,1.0,Apparently Normal,4.0,0,0,0,Unsafe Speed,On Curve/Turn,0,0,0,0,0,0,0,0,0,0,0,0,0,0,0,0,0,0,0,0,0,0,0,0,0,0,0,0,0,0,0,1,0,0,0,1,0
300483429,Rogers,northern,I-44,Turnpike Interstate,0,0.0,0.0,property_damage,0.0,0,0.0,0.0,0.0,REAR-END,REAR-END,36.1907195,-95.72335909,2020,2020-10-10,5.32,2,0,N,       ,N,N,0,Fog/Smoke,Dark / Unlighted,1.0,3,0,No Roadway Departure,0,N,0.0,D,2.0,34.0,M,Y,1.0,Apparently Normal,4.0,0,0,0,Unsafe Speed,Other Weather Condition,0,0,0,0,0,0,0,0,0,0,0,0,0,0,0,0,0,0,0,0,0,0,0,0,0,0,0,0,0,0,0,1,0,0,1,1,0
300483472,Tulsa,tulsa,US-75,US Route,0,42.0,0.0,non_incapacitating_injury,1.0,0,0.0,1.0,0.0,REAR-END,REAR-END,36.17669597,-95.97331894,2020,2020-10-15,13.56,3,0,N,       ,N,N,0,Clear,Daylight,1.0,2,0,No Roadway Departure,0,N,0.0,D,2.0,20.0,M,Y,1.0,Apparently Normal,4.0,0,0,0,Unsafe Speed,For Traffic Conditions,0,0,0,0,0,0,0,0,0,0,0,0,0,0,0,0,0,0,0,0,0,0,0,0,0,0,0,0,0,0,0,1,0,0,0,0,0
300483475,Tulsa,tulsa,,City Street,5,99.0,80.0,property_damage,0.0,0,0.0,0.0,0.0,REAR-END,REAR-END,36.19169091,-95.9760168,2020,2020-10-16,13.48,2,0,N,       ,N,N,0,Clear,Daylight,1.0,2,0,No Roadway Departure,0,N,0.0,D,2.0,18.0,F,Y,1.0,Apparently Normal,4.0,0,1,0,Unsafe Speed,For Traffic Conditions,0,0,0,0,0,0,0,0,0,0,0,0,0,0,0,0,0,0,0,0,0,0,0,0,0,0,0,0,0,0,0,1,0,0,0,0,0
300483627,Craig,northern,,County Road,0,0.0,0.0,possible_injury,0.0,0,0.0,0.0,1.0,F-O DITCH,FIXED-OBJECT,36.5679,-95.2657,2020,2020-10-14,22.14,1,0,N,       ,N,N,0,Clear,Dark / Unlighted,5.0,20,0,Roadway Departure Right,0,N,0.0,D,20.0,16.0,M,Y,2.0,Apparently Normal,1.0,0,1,0,Unsafe Speed,For Type of Roadway (Pavement Surface),0,0,0,0,0,0,0,0,0,0,0,0,0,0,0,0,0,0,0,0,0,0,0,0,0,0,0,0,0,0,0,1,0,0,0,1,1
300483748,Craig,northern,I-44,Turnpike Interstate,0,41.0,0.0,property_damage,0.0,0,0.0,0.0,0.0,F-O GUARDRL-FACE,FIXED-OBJECT,36.63156284,-95.13437606,2020,2020-09-22,8.1,1,0,N,       ,N,N,0,Rain,Daylight,2.0,20,0,Roadway Departure Right,0,N,0.0,D,1.0,16.0,M,Y,1.0,Apparently Normal,4.0,0,1,0,Unsafe Speed,Rain or Wet Roadway,0,0,0,0,0,0,0,0,0,0,0,0,0,0,0,0,0,0,0,0,0,0,0,0,0,0,0,0,0,0,0,1,0,0,1,0,0
300483751,Mayes,northern,,County Road,0,0.0,0.0,possible_injury,0.0,0,0.0,0.0,1.0,F-O TREE,FIXED-OBJECT,36.1333,-95.3309,2020,2020-10-19,7.39,1,0,N,       ,N,N,0,Fog/Smoke,Daylight,2.0,20,0,Roadway Departure Right,0,N,0.0,D,20.0,45.0,F,Y,2.0,Apparently Normal,4.0,0,0,0,Unsafe Speed,Rain or Wet Roadway,0,0,0,0,0,0,0,0,0,0,0,0,0,0,0,0,0,0,0,0,0,0,0,0,0,0,0,0,0,0,0,1,0,0,1,0,0
300483752,Craig,northern,US-59,US Route,1,0.0,0.0,possible_injury,0.0,0,0.0,0.0,1.0,F-O POLE-OTHER,FIXED-OBJECT,36.87386208,-95.08882316,2020,2020-10-17,2.27,1,0,N,       ,N,N,0,Clear,Dark / Unlighted,1.0,20,0,Roadway Departure Right,0,N,0.0,D,20.0,28.0,F,Y,2.0,Apparently Normal,4.0,0,0,0,Unsafe Speed,Exceeding Legal Limit,0,0,0,0,0,0,0,0,0,0,0,0,0,0,0,0,0,0,0,0,0,0,0,0,0,0,0,0,0,0,0,1,0,0,0,1,0
300483780,Tulsa,tulsa,I-244,Interstate,0,30.0,0.0,property_damage,0.0,0,0.0,0.0,0.0,F-O BARR-OTHER,FIXED-OBJECT,36.16572978,-95.85418767,2020,2020-10-18,21.11,1,0,N,       ,N,N,0,Rain,Dark / Lighted,2.0,20,0,Roadway Departure Right,0,N,0.0,D,20.0,22.0,M,Y,1.0,Apparently Normal,1.0,0,0,0,Unsafe Speed,For Traffic Conditions,0,0,0,0,0,0,0,0,0,0,0,0,0,0,0,0,0,0,0,0,0,0,0,0,0,0,0,0,0,0,0,1,0,0,1,0,0
300483794,Tulsa,tulsa,,City Street,1,99.0,80.0,property_damage,0.0,0,0.0,0.0,0.0,OTH-SINGLE-VEH,OTH-SINGLE-VEH,36.1832114,-95.9498371,2020,2020-10-19,3.5,1,0,N,       ,N,N,0,Rain,Dark / Lighted,2.0,0,0,No Roadway Departure,0,Y,0.0,D,4.0,0.0,9,Y,0.0,Unknown,99.0,0,0,0,Unsafe Speed,Other,0,0,0,0,0,0,0,0,0,0,0,0,0,0,0,0,0,0,0,0,0,0,0,0,0,0,0,0,0,0,0,1,0,0,1,0,0
300483888,Mayes,northern,US412A,US Route,0,0.0,0.0,possible_injury,0.0,0,0.0,0.0,2.0,F-O TREE,FIXED-OBJECT,36.20029898,-95.14306589,2020,2020-10-20,8.3,1,0,N,       ,N,N,0,Cloudy,Daylight,2.0,19,0,Roadway Departure Left,0,N,0.0,D,2.0,30.0,M,Y,2.0,Apparently Normal,4.0,0,0,0,Unsafe Speed,Rain or Wet Roadway,0,0,0,0,0,0,0,0,0,0,0,0,0,0,0,0,0,0,0,0,0,0,0,0,0,0,0,0,0,0,0,1,0,0,0,0,0
300483896,Sequoyah,southern,,County Road,0,80.0,99.0,property_damage,0.0,0,0.0,0.0,0.0,F-O FENCE,FIXED-OBJECT,35.4618,-94.7804,2020,2020-10-15,20.02,1,0,N,       ,N,N,0,Clear,Dark / Unlighted,1.0,19,0,Roadway Departure Right,0,N,0.0,D,2.0,18.0,F,Y,1.0,Apparently Normal,4.0,0,1,0,Unsafe Speed,For Type of Roadway (Pavement Surface),0,0,0,0,0,0,0,0,0,0,0,0,0,0,0,0,0,0,0,0,0,0,0,0,0,0,0,0,0,0,0,1,0,0,0,1,0
300484085,Tulsa,tulsa,US-169,US Route,0,0.0,0.0,non_incapacitating_injury,2.0,0,0.0,2.0,0.0,F-O BARR-CONCRETE,FIXED-OBJECT,36.20800879,-95.85156972,2020,2020-10-21,14.2,1,0,N,       ,N,N,0,Clear,Daylight,1.0,20,0,Fixed Object,0,N,0.0,D,15.0,18.0,M,Y,3.0,Apparently Normal,99.0,0,1,0,Unsafe Speed,Exceeding Legal Limit,0,0,0,0,0,0,0,0,0,0,0,0,0,0,0,0,0,0,0,0,0,0,0,0,0,0,0,0,0,0,0,1,0,0,0,0,0
300484121,Wagoner,southern,,County Road,0,80.0,99.0,property_damage,0.0,0,0.0,0.0,0.0,F-O OTHER,FIXED-OBJECT,36.0409,-95.3247,2020,2020-10-21,8.36,1,0,N,       ,N,N,0,,,99.0,20,0,Fixed Object,0,N,0.0,D,2.0,34.0,M,Y,1.0,Unknown,99.0,0,0,0,Unsafe Speed,On Curve/Turn,0,0,0,0,0,0,0,0,0,0,0,0,0,0,0,0,0,0,0,0,0,0,0,0,0,0,0,0,0,0,0,1,0,0,0,0,0
300484142,Mayes,northern,US412A,US Route,1,0.0,0.0,property_damage,0.0,0,0.0,0.0,0.0,ROLLOVER,ROLLOVER,36.206748,-95.11861268,2020,2020-10-20,22.18,1,0,N,       ,N,N,0,Sleet/Hail/Freezing Rain,Dark / Unlighted,2.0,20,0,Roadway Departure Left,0,N,0.0,D,4.0,37.0,M,Y,1.0,Apparently Normal,4.0,0,0,0,Unsafe Speed,Rain or Wet Roadway,0,0,0,0,0,0,0,0,0,0,0,0,0,0,0,0,0,0,0,0,0,0,0,0,0,0,0,0,0,0,0,1,0,0,1,1,0
300484196,Tulsa,northern,SH-20,State Highway,1,0.0,0.0,possible_injury,0.0,0,0.0,0.0,3.0,ANGLE-TURNING,ANGLE-TURNING,36.36563298,-95.91700764,2020,2020-09-27,19.03,2,0,N,       ,N,N,0,Clear,Dark / Unlighted,1.0,24,0,No Roadway Departure,0,N,0.0,D,2.0,17.0,F,Y,2.0,Apparently Normal,4.0,0,1,0,Unsafe Speed,On Curve/Turn,0,0,0,0,0,0,0,0,0,0,0,0,0,0,0,0,0,0,0,0,0,0,0,0,0,0,0,0,0,0,0,1,0,0,0,1,0
300484270,Adair,southern,US-59,US Route,0,0.0,0.0,incapacitating_injury,1.0,0,1.0,0.0,0.0,F-O TREE,FIXED-OBJECT,35.66166543,-94.68395181,2020,2020-10-16,11.45,1,0,N,       ,N,N,0,Clear,Daylight,1.0,19,0,Roadway Departure Left,0,N,0.0,D,20.0,59.0,F,Y,4.0,Apparently Normal,1.0,0,0,0,Unsafe Speed,On Curve/Turn,0,0,0,0,0,0,0,0,0,0,0,0,0,0,0,0,0,0,0,0,0,0,0,0,0,0,0,0,0,0,0,1,0,0,0,0,0
300484272,Tulsa,tulsa,US-75,US Route,1,21.0,0.0,property_damage,0.0,0,0.0,0.0,0.0,REAR-END,REAR-END,36.17518239,-95.97548884,2020,2020-10-23,12.29,2,0,N,       ,N,N,0,Cloudy,Daylight,1.0,2,0,No Roadway Departure,0,N,0.0,D,2.0,19.0,M,Y,1.0,Apparently Normal,4.0,0,1,0,Unsafe Speed,For Traffic Conditions,0,0,0,0,0,0,0,0,0,0,0,0,0,0,0,0,0,0,0,0,0,0,0,0,0,0,0,0,0,0,0,1,0,0,0,0,0
300484336,Mayes,northern,,County Road,0,0.0,0.0,possible_injury,0.0,0,0.0,0.0,1.0,F-O GROUND,FIXED-OBJECT,36.2935,-95.1216,2020,2020-10-19,9.32,1,0,N,       ,N,N,0,Rain,Daylight,2.0,20,0,Roadway Departure Right,0,N,0.0,D,4.0,25.0,F,Y,2.0,Apparently Normal,4.0,0,0,0,Unsafe Speed,Rain or Wet Roadway,0,0,0,0,0,0,0,0,0,0,0,0,0,0,0,0,0,0,0,0,0,0,0,0,0,0,0,0,0,0,0,1,0,0,1,0,0
300484594,Rogers,northern,I-44,Turnpike Interstate,0,10.0,0.0,possible_injury,0.0,0,0.0,0.0,1.0,F-O GUARDRL-FACE,FIXED-OBJECT,36.29608037,-95.60272487,2020,2020-10-16,19.06,1,0,N,       ,N,N,0,Clear,Dark / Unlighted,1.0,20,0,Roadway Departure Right,0,N,0.0,D,20.0,44.0,F,Y,2.0,Apparently Normal,4.0,0,0,0,Unsafe Speed,Other,0,0,0,0,0,0,0,0,0,0,0,0,0,0,0,0,0,0,0,0,0,0,0,0,0,0,0,0,0,0,0,1,0,0,0,1,0
300484595,Cherokee,southern,SH-51,State Highway,0,0.0,0.0,possible_injury,0.0,0,0.0,0.0,1.0,F-O MAILBOX,FIXED-OBJECT,35.90311306,-94.82254649,2020,2020-10-20,12.04,1,0,N,       ,N,N,0,Rain,Daylight,2.0,19,0,Roadway Departure Left,0,N,0.0,D,4.0,62.0,F,Y,2.0,Apparently Normal,4.0,0,0,0,Unsafe Speed,Wind,0,0,0,0,0,0,0,0,0,0,0,0,0,0,0,0,0,0,0,0,0,0,0,0,0,0,0,0,0,0,0,1,0,0,1,0,0
300484600,Tulsa,tulsa,US-75,US Route,0,0.0,0.0,non_incapacitating_injury,2.0,0,0.0,2.0,0.0,ANGLE-TURNING,ANGLE-TURNING,36.18950211,-95.95891788,2020,2020-10-26,10.21,2,0,N,       ,N,N,0,Rain,Daylight,2.0,10,0,Roadway Departure Right,0,N,0.0,D,23.0,74.0,M,Y,3.0,Apparently Normal,4.0,1,0,0,Unsafe Speed,Rain or Wet Roadway,0,0,0,0,0,0,0,0,0,0,0,0,0,0,0,0,0,0,0,0,0,0,0,0,0,0,0,0,0,0,0,1,0,0,1,0,0
300484633,Tulsa,tulsa,,City Street,6,76.0,0.0,possible_injury,0.0,0,0.0,0.0,2.0,HEAD-ON,HEAD-ON,36.162896,-95.89751477,2020,2020-10-27,0.54,2,0,N,       ,N,N,0,Rain,Dark / Unlighted,2.0,18,0,No Roadway Departure,0,N,0.0,D,20.0,33.0,F,Y,1.0,Apparently Normal,4.0,0,0,0,Unsafe Speed,Rain or Wet Roadway,0,0,0,0,0,0,0,0,0,0,0,0,0,0,0,0,0,0,0,0,0,0,0,0,0,0,0,0,0,0,0,1,0,0,1,1,0
300484636,Tulsa,tulsa,US-75,US Route,0,0.0,0.0,property_damage,0.0,0,0.0,0.0,0.0,F-O GUARDRL-FACE,FIXED-OBJECT,36.19060807,-95.95641977,2020,2020-10-26,0.0,1,0,N,       ,N,N,0,Rain,Dark / Lighted,2.0,20,0,Roadway Departure Right,0,N,0.0,D,2.0,0.0,9,Y,0.0,Unknown,99.0,0,0,0,Unsafe Speed,For Traffic Conditions,0,0,0,0,0,0,0,0,0,0,0,0,0,0,0,0,0,0,0,0,0,0,0,0,0,0,0,0,0,0,0,1,0,0,1,0,0
300484650,Sequoyah,southern,US-64,US Route,0,0.0,0.0,possible_injury,0.0,0,0.0,0.0,1.0,F-O BARR-CONCRETE,FIXED-OBJECT,35.3994668,-94.44393877,2020,2020-10-26,16.51,1,0,N,       ,N,N,0,Rain,Daylight,2.0,20,0,Roadway Departure Right,0,N,0.0,D,20.0,44.0,F,Y,2.0,Apparently Normal,4.0,0,0,0,Unsafe Speed,Rain or Wet Roadway,0,0,0,0,0,0,0,0,0,0,0,0,0,0,0,0,0,0,0,0,0,0,0,0,0,0,0,0,0,0,0,1,0,0,1,0,0
300484652,Sequoyah,southern,I-40,Interstate,0,0.0,0.0,non_incapacitating_injury,1.0,0,0.0,1.0,0.0,F-O TREE,FIXED-OBJECT,35.45411651,-94.84104603,2020,2020-10-26,14.1,1,1,N,       ,N,N,0,Rain,Daylight,2.0,20,0,Roadway Departure Right,0,N,0.0,D,5.0,24.0,M,Y,3.0,Apparently Normal,4.0,0,0,0,Unsafe Speed,Rain or Wet Roadway,0,0,0,0,0,0,0,0,0,0,0,0,0,0,0,0,0,0,0,0,0,0,0,0,0,0,0,0,0,0,0,1,0,0,1,0,0
300484654,Sequoyah,southern,I-40,Interstate,0,0.0,0.0,possible_injury,0.0,0,0.0,0.0,1.0,F-O BARR-CABLE,FIXED-OBJECT,35.44798606,-94.80301321,2020,2020-10-26,11.29,1,0,N,       ,N,N,0,Rain,Daylight,2.0,19,0,Roadway Departure Left,0,N,0.0,D,20.0,59.0,M,Y,2.0,Apparently Normal,4.0,0,0,0,Unsafe Speed,Rain or Wet Roadway,0,0,0,0,0,0,0,0,0,0,0,0,0,0,0,0,0,0,0,0,0,0,0,0,0,0,0,0,0,0,0,1,0,0,1,0,0