crash_id,county,region,highway_name,highway_class,intersection_rel,special_feature_1,special_feature_2,severity_level,visual_injured_num,fatal_num,suspected_serious_injured_num,non_incapacitated_injured_num,possibly_injured_num,crash_type,main_crash_type,latitude,longitude,year,date,time,number_of_vehicles,number_of_commercial_vehicles,work_zone,railroad_crossing,alcohol,drug,Alcohol or Drug,weather_condition,lighting_condition,road_condition,manner_of_collision,pedestrians_num,roadway_departure,cross_centerline,hit_and_run,emergency_vehicle_use,unit_type,vehicle_type,age,sex,driver_of_vehicle,injury_severity,person_condition,restraint_use,older_driver,teen_driver,Sleepy/Ill/Dizzy Driver,unsafe_unlaw_category,unsafe_unlaw_desc,Abnormal Traffic Control,Alcohol-DUI/DWI,Animal in Roadway,Apparently Sleepy,Avoiding Other Vehicle,Avoiding Pedestrian,Changed Lanes Unsafely,Deer in Roadway,Defect in Roadway,Disregarded Warning Signal,Domestic Animal in Roadway,Drug-DUI,Failed to Secure Load,Failed to Signal,Failed to Stop,Failed to Yield,Followed too Closely,Improper Backing,Improper Bicyclist Action,Improper Overtaking,Improper Parking,Improper Start From,Improper Turn,Improper Use of Lane,Distraction,Left of Center,No Improper Action by Driver,Object/Debris in Roadway,Other Improper Act/Movement,Pedestrian Action,Stopped in Traffic Lane,Speeding,Unsafe Vehicle,Wrong Way,Bad Weather,Bad Lighting,Bad Road Condition
300499206,Tulsa,tulsa,,City Street,1,0.0,0.0,possible_injury,0.0,0,0.0,0.0,1.0,RIGHT-ANGLE,RIGHT-ANGLE,36.1626087,-95.933607,2021,2021-02-16,13.45,2,0,N,       ,N,N,0,Cloudy,Daylight,4.0,1,0,No Roadway Departure,0,Y,0.0,D,20.0,0.0,M,Y,1.0,Unknown,99.0,0,0,0,Unsafe Speed,For Ice or Snow on Roadway,0,0,0,0,0,0,0,0,0,0,0,0,0,0,0,0,0,0,0,0,0,0,0,0,0,0,0,0,0,0,0,1,0,0,0,0,1
300499214,Craig,northern,I-44,Turnpike Interstate,0,0.0,0.0,property_damage,0.0,0,0.0,0.0,0.0,REAR-END,REAR-END,36.69082882,-95.01777022,2021,2021-02-17,11.33,2,1,N,       ,N,N,0,Cloudy,Daylight,2.0,2,0,No Roadway Departure,0,N,0.0,D,10.0,25.0,M,Y,1.0,Apparently Normal,4.0,0,0,0,Unsafe Speed,For Traffic Conditions,0,0,0,0,0,0,0,0,0,0,0,0,0,0,0,0,0,0,0,0,0,0,0,0,0,0,0,0,0,0,0,1,0,0,0,0,0
300499230,Cherokee,southern,,County Road,0,99.0,80.0,property_damage,0.0,0,0.0,0.0,0.0,OTHER,OTHER,35.9731,-95.1339,2021,2021-02-10,10.28,2,0,N,       ,N,N,0,Sleet/Hail/Freezing Rain,Daylight,3.0,36,0,No Roadway Departure,0,N,0.0,D,20.0,41.0,M,Y,1.0,Apparently Normal,4.0,0,0,0,Unsafe Speed,For Ice or Snow on Roadway,0,0,0,0,0,0,0,0,0,0,0,0,0,0,0,0,0,0,0,0,0,0,0,0,0,0,0,0,0,0,0,1,0,0,1,0,1
300499265,Delaware,northern,,County Road,0,0.0,0.0,non_incapacitating_injury,1.0,0,0.0,1.0,1.0,F-O TREE,FIXED-OBJECT,36.5289,-94.7373,2021,2021-02-17,14.55,1,0,N,       ,N,N,0,Snow,Daylight,4.0,20,0,Roadway Departure Right,0,N,0.0,D,4.0,19.0,M,Y,2.0,Apparently Normal,4.0,0,1,0,Unsafe Speed,For Ice or Snow on Roadway,0,0,0,0,0,0,0,0,0,0,0,0,0,0,0,0,0,0,0,0,0,0,0,0,0,0,0,0,0,0,0,1,0,0,1,0,1
300499300,Delaware,northern,US412A,US Route,0,1.0,0.0,fatal,2.0,1,2.0,0.0,0.0,REAR-END,REAR-END,36.20503469,-94.89416153,2020,2020-11-03,8.04,3,0,N,       ,N,N,0,Clear,Daylight,1.0,4,0,Roadway Departure Right,0,N,0.0,D,4.0,23.0,M,Y,1.0,Apparently Normal,4.0,0,0,0,Unsafe Speed,Other,0,0,0,0,0,0,0,0,0,0,0,0,0,0,0,0,0,0,0,0,0,0,0,0,0,0,0,0,0,0,0,1,0,0,0,0,0
300499308,Craig,northern,I-44,Turnpike Interstate,0,2.0,0.0,incapacitating_injury,1.0,0,1.0,0.0,1.0,REAR-END,REAR-END,36.68280494,-95.03734806,2021,2021-02-15,11.03,2,1,N,       ,N,N,0,Snow,Daylight,4.0,4,0,No Roadway Departure,0,N,0.0,D,10.0,30.0,M,Y,1.0,Apparently Normal,4.0,0,0,0,Unsafe Speed,For Ice or Snow on Roadway,0,0,0,0,0,0,0,0,0,0,0,0,0,0,0,0,0,0,0,0,0,0,0,0,0,0,0,0,0,0,0,1,0,0,1,0,1
300499360,Mayes,northern,,County Road,0,99.0,80.0,property_damage,0.0,0,0.0,0.0,0.0,F-O FENCE,FIXED-OBJECT,36.1961,-95.1185,2021,2021-02-14,16.22,1,0,N,       ,N,N,0,Snow,Daylight,4.0,19,0,Roadway Departure Left,0,N,0.0,D,4.0,0.0,9,Y,1.0,Unknown,99.0,0,0,0,Unsafe Speed,For Ice or Snow on Roadway,0,0,0,0,0,0,0,0,0,0,0,0,0,0,0,0,0,0,0,0,0,0,0,0,0,0,0,0,0,0,0,1,0,0,1,0,1
300499496,Sequoyah,southern,,County Road,0,99.0,80.0,property_damage,0.0,0,0.0,0.0,0.0,HEAD-ON,HEAD-ON,35.4277,-94.5284,2021,2021-02-17,14.26,2,1,N,       ,N,N,0,Cloudy,Daylight,4.0,18,0,No Roadway Departure,0,N,0.0,D,20.0,29.0,F,Y,1.0,Apparently Normal,4.0,0,0,0,Unsafe Speed,For Ice or Snow on Roadway,0,0,0,0,0,0,0,0,0,0,0,0,0,0,0,0,0,0,0,0,0,0,0,0,0,0,0,0,0,0,0,1,0,0,0,0,1
300499501,Craig,northern,I-44,Turnpike Interstate,0,72.0,0.0,property_damage,0.0,0,0.0,0.0,0.0,REAR-END,REAR-END,36.68773931,-95.02531374,2021,2021-02-15,11.5,2,2,N,       ,N,N,0,Snow,Daylight,4.0,2,0,Roadway Departure Left,0,N,0.0,D,10.0,55.0,M,Y,1.0,Apparently Normal,4.0,0,0,0,Unsafe Speed,For Ice or Snow on Roadway,0,0,0,0,0,0,0,0,0,0,0,0,0,0,0,0,0,0,0,0,0,0,0,0,0,0,0,0,0,0,0,1,0,0,1,0,1
300499502,Rogers,northern,I-44,Turnpike Interstate,0,0.0,0.0,property_damage,0.0,0,0.0,0.0,0.0,REAR-END,REAR-END,36.34090079,-95.49501364,2021,2021-01-10,11.18,2,2,N,       ,N,N,0,Sleet/Hail/Freezing Rain,Daylight,3.0,3,0,No Roadway Departure,0,N,0.0,D,14.0,51.0,M,Y,1.0,Apparently Normal,4.0,0,0,0,Unsafe Speed,For Ice or Snow on Roadway,0,0,0,0,0,0,0,0,0,0,0,0,0,0,0,0,0,0,0,0,0,0,0,0,0,0,0,0,0,0,0,1,0,0,1,0,1
300499504,Adair,southern,,County Road,0,0.0,0.0,possible_injury,0.0,0,0.0,0.0,1.0,SIDESWIPE-OPP,SIDESWIPE-OPP,35.8336,-94.5761,2021,2021-02-18,18.46,2,0,N,       ,N,N,0,Snow,Dark / Unlighted,4.0,17,0,No Roadway Departure,0,N,0.0,D,4.0,22.0,F,Y,1.0,Apparently Normal,4.0,0,0,0,Unsafe Speed,For Ice or Snow on Roadway,0,0,0,0,0,0,0,0,0,0,0,0,0,0,0,0,0,0,0,0,0,0,0,0,0,0,0,0,0,0,0,1,0,0,1,1,1
300499594,McIntosh,southern,I-40,Interstate,0,0.0,0.0,possible_injury,0.0,0,0.0,0.0,2.0,F-O TREE,FIXED-OBJECT,35.456186,-95.4056391,2021,2021-02-15,3.07,1,1,N,       ,N,N,0,Snow,Dark / Unlighted,4.0,19,0,Roadway Departure Left,0,N,0.0,D,8.0,28.0,M,Y,2.0,Apparently Normal,4.0,0,0,0,Unsafe Speed,For Ice or Snow on Roadway,0,0,0,0,0,0,0,0,0,0,0,0,0,0,0,0,0,0,0,0,0,0,0,0,0,0,0,0,0,0,0,1,0,0,1,1,1
300499748,Wagoner,southern,,County Road,0,0.0,0.0,incapacitating_injury,1.0,0,1.0,0.0,0.0,F-O TREE,FIXED-OBJECT,36.0025,-95.2771,2021,2021-02-19,19.37,1,0,N,       ,N,N,0,Cloudy,Dark / Unlighted,2.0,20,0,Roadway Departure Right,0,N,0.0,D,20.0,54.0,M,Y,4.0,Sleepy,1.0,0,0,1,Unsafe Speed,Other,0,0,0,0,0,0,0,0,0,0,0,0,0,0,0,0,0,0,0,0,0,0,0,0,0,0,0,0,0,0,0,1,0,0,0,1,0
300499775,Tulsa,tulsa,US-75,US Route,0,75.0,10.0,non_incapacitating_injury,1.0,0,0.0,1.0,0.0,F-O BARR-CONCRETE,FIXED-OBJECT,36.18992571,-95.9581977,2020,2020-11-11,23.59,1,0,N,       ,Y,N,1,Clear,Dark / Unlighted,1.0,19,0,Roadway Departure Left,0,N,0.0,D,5.0,48.0,M,Y,3.0,Odor of Alcohol Beverage,1.0,0,0,0,Unsafe Speed,Other,0,0,0,0,0,0,0,0,0,0,0,0,0,0,0,0,0,0,0,0,0,0,0,0,0,0,0,0,0,0,0,1,0,0,0,1,0
300499779,Tulsa,tulsa,,City Street,8,0.0,0.0,non_incapacitating_injury,2.0,0,0.0,2.0,0.0,F-O CULVERT,FIXED-OBJECT,36.20233621,-95.9758863,2021,2021-02-22,7.5,1,0,N,       ,N,N,0,Clear,Daylight,2.0,20,0,Roadway Departure Right,0,N,0.0,D,2.0,25.0,F,Y,3.0,Apparently Normal,1.0,0,0,0,Unsafe Speed,Vehicle Condition,0,0,0,0,0,0,0,0,0,0,0,0,0,0,0,0,0,0,0,0,0,0,0,0,0,0,0,0,0,0,0,1,0,0,0,0,0
300499783,Tulsa,tulsa,,City Street,5,80.0,99.0,property_damage,0.0,0,0.0,0.0,0.0,REAR-END,REAR-END,36.17737461,-95.9224605,2021,2021-02-22,12.55,2,0,Y,       ,N,N,0,Clear,Daylight,1.0,3,0,No Roadway Departure,0,Y,0.0,D,4.0,0.0,M,Y,1.0,Unknown,99.0,0,0,0,Unsafe Speed,For Traffic Conditions,0,0,0,0,0,0,0,0,0,0,0,0,0,0,0,0,0,0,0,0,0,0,0,0,0,0,0,0,0,0,0,1,0,0,0,0,0
300499805,Adair,southern,,County Road,0,0.0,0.0,non_incapacitating_injury,1.0,0,0.0,1.0,0.0,ROLLOVER,ROLLOVER,35.8213,-94.751,2021,2021-02-22,8.1,1,0,N,       ,N,N,0,Clear,Daylight,3.0,19,0,Roadway Departure Left,0,N,0.0,D,2.0,19.0,F,Y,3.0,Apparently Normal,4.0,0,1,0,Unsafe Speed,For Ice or Snow on Roadway,0,0,0,0,0,0,0,0,0,0,0,0,0,0,0,0,0,0,0,0,0,0,0,0,0,0,0,0,0,0,0,1,0,0,0,0,1
300499809,Rogers,northern,I-44,Turnpike Interstate,0,0.0,0.0,property_damage,0.0,0,0.0,0.0,0.0,OTHER,OTHER,36.30037419,-95.59296411,2021,2021-02-10,5.39,2,1,N,       ,N,N,0,Sleet/Hail/Freezing Rain,Dark / Unlighted,3.0,36,0,Roadway Departure Left,0,N,0.0,D,10.0,67.0,M,Y,1.0,Apparently Normal,4.0,1,0,0,Unsafe Speed,For Ice or Snow on Roadway,0,0,0,0,0,0,0,0,0,0,0,0,0,0,0,0,0,0,0,0,0,0,0,0,0,0,0,0,0,0,0,1,0,0,1,1,1
300499896,Mayes,northern,,County Road,0,10.0,0.0,possible_injury,0.0,0,0.0,0.0,2.0,F-O BR-RAIL,FIXED-OBJECT,36.2381,-95.2259,2021,2021-02-08,17.2,1,0,N,       ,N,N,0,Sleet/Hail/Freezing Rain,Dusk,3.0,19,0,Roadway Departure Right,0,N,0.0,D,20.0,24.0,M,Y,2.0,Apparently Normal,4.0,0,0,0,Unsafe Speed,For Ice or Snow on Roadway,0,0,0,0,0,0,0,0,0,0,0,0,0,0,0,0,0,0,0,0,0,0,0,0,0,0,0,0,0,0,0,1,0,0,1,1,1
300499997,Ottawa,northern,SH-125,State Highway,0,0.0,0.0,property_damage,0.0,0,0.0,0.0,0.0,F-O FENCE,FIXED-OBJECT,36.81748579,-94.85547269,2021,2021-02-20,8.41,1,0,N,       ,N,N,0,Clear,Dark / Unlighted,1.0,19,0,Roadway Departure Left,0,N,0.0,D,2.0,21.0,M,Y,1.0,Apparently Normal,1.0,0,0,0,Unsafe Speed,For Ice or Snow on Roadway,0,0,0,0,0,0,0,0,0,0,0,0,0,0,0,0,0,0,0,0,0,0,0,0,0,0,0,0,0,0,0,1,0,0,0,1,0
300500090,Craig,northern,,County Road,0,99.0,80.0,property_damage,0.0,0,0.0,0.0,0.0,F-O UTIL-POLE,FIXED-OBJECT,36.9909,-95.0379,2021,2021-02-19,0.0,1,0,N,       ,N,N,0,Clear,Dark / Unlighted,4.0,19,0,Roadway Departure Left,0,Y,0.0,D,4.0,0.0,9,Y,1.0,Unknown,99.0,0,0,0,Unsafe Speed,For Ice or Snow on Roadway,0,0,0,0,0,0,0,0,0,0,0,0,0,0,0,0,0,0,0,0,0,0,0,0,0,0,0,0,0,0,0,1,0,0,0,1,1
300500092,Rogers,northern,,County Road,0,0.0,0.0,possible_injury,0.0,0,0.0,0.0,1.0,F-O BARR-CONCRETE,FIXED-OBJECT,36.2381,-95.7607,2021,2021-02-04,5.05,1,0,N,       ,N,N,0,Cloudy,Dark / Unlighted,2.0,20,0,Roadway Departure Right,0,N,0.0,D,2.0,32.0,M,Y,2.0,Apparently Normal,4.0,0,0,0,Unsafe Speed,On Curve/Turn,0,0,0,0,0,0,0,0,0,0,0,0,0,0,0,0,0,0,0,0,0,0,0,0,0,0,0,0,0,0,0,1,0,0,0,1,0
300500122,Rogers,northern,I-44,Turnpike Interstate,0,0.0,0.0,property_damage,0.0,0,0.0,0.0,0.0,REAR-END,REAR-END,36.32617901,-95.53441718,2021,2021-02-10,0.0,2,1,N,       ,N,N,0,Sleet/Hail/Freezing Rain,Daylight,3.0,3,0,Roadway Departure Right,0,N,0.0,D,10.0,68.0,M,Y,1.0,Apparently Normal,4.0,1,0,0,Unsafe Speed,For Ice or Snow on Roadway,0,0,0,0,0,0,0,0,0,0,0,0,0,0,0,0,0,0,0,0,0,0,0,0,0,0,0,0,0,0,0,1,0,0,1,0,1
300500137,Nowata,northern,SH-10,State Highway,0,0.0,0.0,possible_injury,0.0,0,0.0,0.0,1.0,ROLLOVER,ROLLOVER,36.88763459,-95.44984964,2021,2021-02-07,23.0,1,0,N,       ,N,N,0,Sleet/Hail/Freezing Rain,Dark / Unlighted,3.0,20,0,Roadway Departure Right,0,N,0.0,D,4.0,35.0,M,Y,2.0,Apparently Normal,4.0,0,0,0,Unsafe Speed,For Ice or Snow on Roadway,0,0,0,0,0,0,0,0,0,0,0,0,0,0,0,0,0,0,0,0,0,0,0,0,0,0,0,0,0,0,0,1,0,0,1,1,1
300500138,Nowata,northern,,County Road,0,99.0,80.0,property_damage,0.0,0,0.0,0.0,0.0,F-O FENCE,FIXED-OBJECT,36.6409,-95.6319,2021,2021-02-09,15.3,1,0,N,       ,N,N,0,Cloudy,Daylight,3.0,20,0,Roadway Departure Right,0,N,0.0,D,2.0,59.0,M,Y,1.0,Apparently Normal,4.0,0,0,0,Unsafe Speed,For Ice or Snow on Roadway,0,0,0,0,0,0,0,0,0,0,0,0,0,0,0,0,0,0,0,0,0,0,0,0,0,0,0,0,0,0,0,1,0,0,0,0,1
300500233,Muskogee,southern,,County Road,0,99.0,80.0,property_damage,0.0,0,0.0,0.0,0.0,F-O FENCE,FIXED-OBJECT,35.457,-95.1992,2021,2021-02-26,8.41,1,0,N,       ,N,N,0,Cloudy,Daylight,1.0,20,0,Roadway Departure Right,0,N,0.0,D,20.0,64.0,M,Y,1.0,Apparently Normal,4.0,0,0,0,Unsafe Speed,On Curve/Turn,0,0,0,0,0,0,0,0,0,0,0,0,0,0,0,0,0,0,0,0,0,0,0,0,0,0,0,0,0,0,0,1,0,0,0,0,0
300500286,Delaware,northern,US-59,US Route,0,72.0,0.0,property_damage,0.0,0,0.0,0.0,0.0,REAR-END,REAR-END,36.54068547,-94.77342162,2021,2021-02-27,13.51,2,0,N,       ,N,N,0,Cloudy,Daylight,1.0,2,0,No Roadway Departure,0,N,0.0,D,4.0,30.0,M,Y,1.0,Apparently Normal,4.0,0,0,0,Unsafe Speed,For Traffic Conditions,0,0,0,0,0,0,0,0,0,0,0,0,0,0,0,0,0,0,0,0,0,0,0,0,0,0,0,0,0,0,0,1,0,0,0,0,0
300500287,McIntosh,southern,,County Road,0,99.0,80.0,property_damage,0.0,0,0.0,0.0,0.0,F-O CULVERT,FIXED-OBJECT,35.3482,-95.4511,2021,2021-02-27,10.0,1,0,N,       ,N,N,0,Clear,Daylight,1.0,19,0,Roadway Departure Left,0,N,0.0,D,4.0,0.0,9,Y,0.0,Unknown,99.0,0,0,0,Unsafe Speed,On Curve/Turn,0,0,0,0,0,0,0,0,0,0,0,0,0,0,0,0,0,0,0,0,0,0,0,0,0,0,0,0,0,0,0,1,0,0,0,0,0
300500400,Delaware,northern,SH-85,State Highway,0,0.0,0.0,possible_injury,0.0,0,0.0,0.0,1.0,REAR-END,REAR-END,36.52688948,-94.98840734,2021,2021-02-27,15.17,2,0,N,       ,N,N,0,Clear,Daylight,1.0,2,0,Roadway Departure Right,0,N,0.0,D,4.0,71.0,M,Y,2.0,Apparently Normal,2.0,1,0,0,Unsafe Speed,Other,0,0,0,0,0,0,0,0,0,0,0,0,0,0,0,0,0,0,0,0,0,0,0,0,0,0,0,0,0,0,0,1,0,0,0,0,0
300500403,Delaware,northern,US-412,Turnpike,0,75.0,31.0,non_incapacitating_injury,1.0,0,0.0,1.0,0.0,ROLLOVER,ROLLOVER,36.18999799,-94.71187237,2021,2021-02-28,13.22,1,0,N,       ,N,N,0,Cloudy,Daylight,2.0,19,0,Roadway Departure Left,0,N,0.0,D,20.0,32.0,M,Y,3.0,Apparently Normal,4.0,0,0,0,Unsafe Speed,On Curve/Turn,0,0,0,0,0,0,0,0,0,0,0,0,0,0,0,0,0,0,0,0,0,0,0,0,0,0,0,0,0,0,0,1,0,0,0,0,0
300500454,Sequoyah,southern,,County Road,0,99.0,80.0,property_damage,0.0,0,0.0,0.0,0.0,F-O DITCH,FIXED-OBJECT,35.4256,-94.5253,2021,2021-02-15,16.55,1,0,N,       ,N,N,0,Cloudy,Daylight,4.0,20,0,Roadway Departure Right,0,N,0.0,D,4.0,82.0,M,Y,1.0,Apparently Normal,4.0,1,0,0,Unsafe Speed,For Ice or Snow on Roadway,0,0,0,0,0,0,0,0,0,0,0,0,0,0,0,0,0,0,0,0,0,0,0,0,0,0,0,0,0,0,0,1,0,0,0,0,1
300500471,Mayes,northern,US-69,US Route,0,1.0,0.0,property_damage,0.0,0,0.0,0.0,0.0,ANGLE-TURNING,ANGLE-TURNING,36.23014918,-95.33946138,2021,2021-02-08,18.52,2,0,N,       ,N,N,0,Sleet/Hail/Freezing Rain,Dark / Unlighted,3.0,24,0,Crossover Median,0,N,0.0,D,4.0,29.0,M,Y,1.0,Apparently Normal,4.0,0,0,0,Unsafe Speed,For Ice or Snow on Roadway,0,0,0,0,0,0,0,0,0,0,0,0,0,0,0,0,0,0,0,0,0,0,0,0,0,0,0,0,0,0,0,1,0,0,1,1,1
300500500,Muskogee,southern,US-62,US Route,0,75.0,0.0,property_damage,0.0,0,0.0,0.0,0.0,F-O DITCH,FIXED-OBJECT,35.79849952,-95.19810497,2021,2021-02-10,9.0,1,1,N,       ,N,N,0,Sleet/Hail/Freezing Rain,Daylight,3.0,19,0,Roadway Departure Left,0,N,0.0,D,10.0,46.0,M,Y,1.0,Apparently Normal,4.0,0,0,0,Unsafe Speed,For Ice or Snow on Roadway,0,0,0,0,0,0,0,0,0,0,0,0,0,0,0,0,0,0,0,0,0,0,0,0,0,0,0,0,0,0,0,1,0,0,1,0,1
300500522,Muskogee,southern,US-62,US Route,0,0.0,0.0,property_damage,0.0,0,0.0,0.0,0.0,OTHER,OTHER,35.79075611,-95.22746072,2021,2021-02-10,7.51,1,1,N,       ,N,N,0,Sleet/Hail/Freezing Rain,Daylight,3.0,19,0,Roadway Departure Left,0,N,0.0,D,10.0,48.0,M,Y,1.0,Apparently Normal,4.0,0,0,0,Unsafe Speed,For Ice or Snow on Roadway,0,0,0,0,0,0,0,0,0,0,0,0,0,0,0,0,0,0,0,0,0,0,0,0,0,0,0,0,0,0,0,1,0,0,1,0,1
300500548,Tulsa,tulsa,,City Street,6,99.0,80.0,property_damage,0.0,0,0.0,0.0,0.0,REAR-END,REAR-END,36.1820465,-95.94394887,2021,2021-03-01,12.4,2,0,N,       ,N,N,0,Clear,Daylight,1.0,3,0,No Roadway Departure,0,N,0.0,D,1.0,35.0,F,Y,1.0,Apparently Normal,4.0,0,0,0,Unsafe Speed,For Traffic Conditions,0,0,0,0,0,0,0,0,0,0,0,0,0,0,0,0,0,0,0,0,0,0,0,0,0,0,0,0,0,0,0,1,0,0,0,0,0
300500565,Rogers,northern,I-44,Turnpike Interstate,0,71.0,0.0,property_damage,0.0,0,0.0,0.0,0.0,REAR-END,REAR-END,36.34090079,-95.49501364,2021,2021-02-10,11.18,2,2,N,       ,N,N,0,Sleet/Hail/Freezing Rain,Daylight,3.0,3,0,No Roadway Departure,0,N,0.0,D,14.0,51.0,M,Y,1.0,Apparently Normal,4.0,0,0,0,Unsafe Speed,For Ice or Snow on Roadway,0,0,0,0,0,0,0,0,0,0,0,0,0,0,0,0,0,0,0,0,0,0,0,0,0,0,0,0,0,0,0,1,0,0,1,0,1
300500568,Tulsa,tulsa,,City Street,1,0.0,0.0,possible_injury,0.0,0,0.0,0.0,1.0,F-O OTHER,FIXED-OBJECT,36.1623978,-95.9800197,2021,2021-02-27,15.2,1,0,N,       ,N,N,0,Clear,Daylight,1.0,20,0,Roadway Departure Left,0,N,0.0,D,2.0,19.0,F,Y,2.0,Apparently Normal,4.0,0,1,0,Unsafe Speed,On Curve/Turn,0,0,0,0,0,0,0,0,0,0,0,0,0,0,0,0,0,0,0,0,0,0,0,0,0,0,0,0,0,0,0,1,0,0,0,0,0
300500595,Tulsa,tulsa,US-169,US Route,0,60.0,0.0,non_incapacitating_injury,1.0,0,0.0,1.0,1.0,REAR-END,REAR-END,36.2204829,-95.85155897,2021,2021-03-01,15.01,2,1,N,       ,N,N,0,Clear,Daylight,1.0,3,0,No Roadway Departure,0,N,0.0,D,20.0,73.0,M,Y,3.0,Apparently Normal,4.0,1,0,0,Unsafe Speed,For Traffic Conditions,0,0,0,0,0,0,0,0,0,0,0,0,0,0,0,0,0,0,0,0,0,0,0,0,0,0,0,0,0,0,0,1,0,0,0,0,0
300500642,Mayes,northern,SH-20,State Highway,0,0.0,0.0,fatal,1.0,1,1.0,0.0,0.0,F-O TREE,FIXED-OBJECT,36.4075312,-95.01975215,2020,2020-12-18,23.54,1,0,N,       ,Y,N,1,Clear,Dark / Unlighted,1.0,19,0,Roadway Departure Left,0,N,0.0,D,2.0,57.0,M,Y,5.0,Odor of Alcohol Beverage,4.0,0,0,0,Unsafe Speed,On Curve/Turn,0,0,0,0,0,0,0,0,0,0,0,0,0,0,0,0,0,0,0,0,0,0,0,0,0,0,0,0,0,0,0,1,0,0,0,1,0
300500664,Cherokee,southern,,County Road,0,80.0,99.0,property_damage,0.0,0,0.0,0.0,0.0,F-O EMBANKMENT,FIXED-OBJECT,36.118,-94.8061,2021,2021-02-27,17.57,1,0,N,       ,N,N,0,Rain,Dusk,2.0,20,0,Roadway Departure Right,0,N,0.0,D,20.0,43.0,M,Y,1.0,Apparently Normal,4.0,0,0,0,Unsafe Speed,Rain or Wet Roadway,0,0,0,0,0,0,0,0,0,0,0,0,0,0,0,0,0,0,0,0,0,0,0,0,0,0,0,0,0,0,0,1,0,0,1,1,0
300500668,McIntosh,southern,I-40,Interstate,0,0.0,0.0,property_damage,0.0,0,0.0,0.0,0.0,ROLLOVER,ROLLOVER,35.46309183,-95.35599474,2021,2021-02-10,4.0,1,1,N,       ,N,N,0,Sleet/Hail/Freezing Rain,Daylight,3.0,20,0,Roadway Departure Right,0,N,0.0,D,10.0,39.0,M,Y,1.0,Unknown,99.0,0,0,0,Unsafe Speed,For Ice or Snow on Roadway,0,0,0,0,0,0,0,0,0,0,0,0,0,0,0,0,0,0,0,0,0,0,0,0,0,0,0,0,0,0,0,1,0,0,1,0,1
300500669,Cherokee,southern,SH-82,State Highway,1,0.0,0.0,non_incapacitating_injury,1.0,0,0.0,1.0,0.0,ANGLE-TURNING,ANGLE-TURNING,36.08248452,-95.10122104,2021,2021-02-25,15.49,2,0,N,       ,N,N,0,Cloudy,Daylight,1.0,12,0,Roadway Departure Right,0,N,0.0,D,2.0,63.0,M,Y,3.0,Apparently Normal,4.0,0,0,0,Unsafe Speed,For Traffic Conditions,0,0,0,0,0,0,0,0,0,0,0,0,0,0,0,0,0,0,0,0,0,0,0,0,0,0,0,0,0,0,0,1,0,0,0,0,0
300500678,Tulsa,tulsa,,City Street,1,99.0,80.0,property_damage,0.0,0,0.0,0.0,0.0,RIGHT-ANGLE,RIGHT-ANGLE,36.1626087,-95.933607,2021,2021-02-10,15.5,2,0,N,       ,N,N,0,Cloudy,Daylight,3.0,1,0,No Roadway Departure,0,Y,0.0,D,20.0,0.0,M,Y,1.0,Unknown,99.0,0,0,0,Unsafe Speed,For Ice or Snow on Roadway,0,0,0,0,0,0,0,0,0,0,0,0,0,0,0,0,0,0,0,0,0,0,0,0,0,0,0,0,0,0,0,1,0,0,0,0,1
300500827,Tulsa,tulsa,,City Street,5,0.0,0.0,non_incapacitating_injury,1.0,0,0.0,1.0,0.0,OTH-SINGLE-VEH,OTH-SINGLE-VEH,36.20619441,-95.9935058,2021,2021-03-03,15.3,1,0,N,       ,N,N,0,Clear,Daylight,1.0,21,1,No Roadway Departure,0,Y,0.0,D,4.0,0.0,M,Y,0.0,Unknown,99.0,0,0,0,Unsafe Speed,Vehicle Condition,0,0,0,0,0,0,0,0,0,0,0,0,0,0,0,0,0,0,0,0,0,0,0,0,0,0,0,0,0,0,0,1,0,0,0,0,0
300500874,Tulsa,tulsa,,City Street,8,99.0,80.0,property_damage,0.0,0,0.0,0.0,0.0,REAR-END,REAR-END,36.1770552,-95.96528333,2021,2021-03-02,13.45,3,0,N,       ,N,N,0,Clear,Daylight,1.0,3,0,No Roadway Departure,0,N,0.0,D,20.0,36.0,M,Y,1.0,Apparently Normal,4.0,0,0,0,Unsafe Speed,For Traffic Conditions,0,0,0,0,0,0,0,0,0,0,0,0,0,0,0,0,0,0,0,0,0,0,0,0,0,0,0,0,0,0,0,1,0,0,0,0,0
300501068,Rogers,northern,I-44,Turnpike Interstate,0,0.0,0.0,non_incapacitating_injury,1.0,0,0.0,1.0,0.0,F-O GUARDRL-FACE,FIXED-OBJECT,36.32492948,-95.53724988,2021,2021-02-10,11.08,1,1,N,       ,N,N,0,Sleet/Hail/Freezing Rain,Daylight,3.0,20,0,Roadway Departure Right,0,N,0.0,D,10.0,42.0,M,Y,3.0,Apparently Normal,4.0,0,0,0,Unsafe Speed,For Ice or Snow on Roadway,0,0,0,0,0,0,0,0,0,0,0,0,0,0,0,0,0,0,0,0,0,0,0,0,0,0,0,0,0,0,0,1,0,0,1,0,1
300501121,Rogers,northern,I-44,Interstate,0,0.0,0.0,possible_injury,0.0,0,0.0,0.0,2.0,F-O BARR-CONCRETE,FIXED-OBJECT,36.16253604,-95.76231039,2021,2021-02-14,15.4,1,0,N,       ,N,N,0,Snow,Daylight,3.0,19,0,Roadway Departure Left,0,N,0.0,D,4.0,48.0,F,Y,2.0,Apparently Normal,4.0,0,0,0,Unsafe Speed,For Ice or Snow on Roadway,0,0,0,0,0,0,0,0,0,0,0,0,0,0,0,0,0,0,0,0,0,0,0,0,0,0,0,0,0,0,0,1,0,0,1,0,1