crash_id,county,region,highway_name,highway_class,intersection_rel,special_feature_1,special_feature_2,severity_level,visual_injured_num,fatal_num,suspected_serious_injured_num,non_incapacitated_injured_num,possibly_injured_num,crash_type,main_crash_type,latitude,longitude,year,date,time,number_of_vehicles,number_of_commercial_vehicles,work_zone,railroad_crossing,alcohol,drug,Alcohol or Drug,weather_condition,lighting_condition,road_condition,manner_of_collision,pedestrians_num,roadway_departure,cross_centerline,hit_and_run,emergency_vehicle_use,unit_type,vehicle_type,age,sex,driver_of_vehicle,injury_severity,person_condition,restraint_use,older_driver,teen_driver,Sleepy/Ill/Dizzy Driver,unsafe_unlaw_category,unsafe_unlaw_desc,Abnormal Traffic Control,Alcohol-DUI/DWI,Animal in Roadway,Apparently Sleepy,Avoiding Other Vehicle,Avoiding Pedestrian,Changed Lanes Unsafely,Deer in Roadway,Defect in Roadway,Disregarded Warning Signal,Domestic Animal in Roadway,Drug-DUI,Failed to Secure Load,Failed to Signal,Failed to Stop,Failed to Yield,Followed too Closely,Improper Backing,Improper Bicyclist Action,Improper Overtaking,Improper Parking,Improper Start From,Improper Turn,Improper Use of Lane,Distraction,Left of Center,No Improper Action by Driver,Object/Debris in Roadway,Other Improper Act/Movement,Pedestrian Action,Stopped in Traffic Lane,Speeding,Unsafe Vehicle,Wrong Way,Bad Weather,Bad Lighting,Bad Road Condition
300503201,Sequoyah,southern,,County Road,0,0.0,0.0,possible_injury,0.0,0,0.0,0.0,1.0,F-O DITCH,FIXED-OBJECT,35.4627,-95.0033,2021,2021-03-21,21.56,1,0,N,       ,N,N,0,Clear,Dark / Unlighted,1.0,20,0,Roadway Departure Right,0,N,0.0,D,15.0,42.0,M,Y,2.0,Apparently Normal,7.0,0,0,0,Unsafe Speed,On Curve/Turn,0,0,0,0,0,0,0,0,0,0,0,0,0,0,0,0,0,0,0,0,0,0,0,0,0,0,0,0,0,0,0,1,0,0,0,1,0
300503243,Tulsa,tulsa,,City Street,1,99.0,80.0,property_damage,0.0,0,0.0,0.0,0.0,F-O OTHER,FIXED-OBJECT,36.2082531,-95.9731663,2021,2021-03-19,23.26,1,0,N,       ,N,N,0,Clear,Dark / Lighted,1.0,19,0,Roadway Departure Left,0,Y,0.0,D,4.0,0.0,9,Y,0.0,Unknown,99.0,0,0,0,Unsafe Speed,Exceeding Legal Limit,0,0,0,0,0,0,0,0,0,0,0,0,0,0,0,0,0,0,0,0,0,0,0,0,0,0,0,0,0,0,0,1,0,0,0,0,0
300503300,Sequoyah,southern,I-40,Interstate,0,5.0,0.0,possible_injury,0.0,0,0.0,0.0,3.0,F-O UTIL-POLE,FIXED-OBJECT,35.44797323,-94.80672286,2021,2021-03-22,21.5,1,0,Y,       ,N,N,0,Rain,Dark / Unlighted,2.0,20,0,Roadway Departure Right,0,N,0.0,D,4.0,25.0,M,Y,2.0,Apparently Normal,4.0,0,0,0,Unsafe Speed,Rain or Wet Roadway,0,0,0,0,0,0,0,0,0,0,0,0,0,0,0,0,0,0,0,0,0,0,0,0,0,0,0,0,0,0,0,1,0,0,1,1,0
300503319,Mayes,northern,,County Road,0,0.0,0.0,non_incapacitating_injury,3.0,0,0.0,3.0,0.0,F-O CULVERT,FIXED-OBJECT,36.1965,-95.2252,2021,2021-03-11,18.4,1,0,N,       ,Y,N,1,Rain,Dark / Unlighted,2.0,19,0,Roadway Departure Left,0,N,0.0,D,2.0,17.0,F,Y,3.0,Drinking - Ability Impaired,1.0,0,1,0,Unsafe Speed,Inexperienced Driver - Young,0,0,0,0,0,0,0,0,0,0,0,0,0,0,0,0,0,0,0,0,0,0,0,0,0,0,0,0,0,0,0,1,0,0,1,1,0
300503325,Tulsa,tulsa,US-169,US Route,0,0.0,0.0,property_damage,0.0,0,0.0,0.0,0.0,F-O DITCH,FIXED-OBJECT,36.19843558,-95.85157797,2021,2021-03-23,9.15,1,0,N,       ,N,N,0,Rain,Daylight,2.0,20,0,Roadway Departure Right,0,N,0.0,D,2.0,28.0,M,Y,1.0,Apparently Normal,4.0,0,0,0,Unsafe Speed,Rain or Wet Roadway,0,0,0,0,0,0,0,0,0,0,0,0,0,0,0,0,0,0,0,0,0,0,0,0,0,0,0,0,0,0,0,1,0,0,1,0,0
300503465,Tulsa,tulsa,,City Street,7,99.0,80.0,property_damage,0.0,0,0.0,0.0,0.0,REAR-END,REAR-END,36.17679289,-95.967173,2021,2021-03-24,8.55,2,0,N,       ,N,N,0,Cloudy,Daylight,1.0,2,0,No Roadway Departure,0,Y,0.0,D,99.0,0.0,M,Y,1.0,Unknown,99.0,0,0,0,Unsafe Speed,For Traffic Conditions,0,0,0,0,0,0,0,0,0,0,0,0,0,0,0,0,0,0,0,0,0,0,0,0,0,0,0,0,0,0,0,1,0,0,0,0,0
300503538,Sequoyah,southern,,County Road,0,99.0,80.0,property_damage,0.0,0,0.0,0.0,0.0,F-O GUARDRL-END,FIXED-OBJECT,35.3908,-94.5566,2021,2021-03-24,15.17,1,0,N,       ,N,N,0,Clear,Daylight,1.0,20,0,Roadway Departure Right,0,N,0.0,D,2.0,17.0,F,Y,1.0,Apparently Normal,4.0,0,1,0,Unsafe Speed,On Curve/Turn,0,0,0,0,0,0,0,0,0,0,0,0,0,0,0,0,0,0,0,0,0,0,0,0,0,0,0,0,0,0,0,1,0,0,0,0,0
300503651,Cherokee,southern,,County Road,0,0.0,0.0,non_incapacitating_injury,1.0,0,0.0,1.0,0.0,F-O DITCH,FIXED-OBJECT,35.9929,-94.9933,2021,2021-03-21,21.24,1,0,N,       ,N,N,0,Clear,Dark / Unlighted,1.0,20,0,Roadway Departure Right,0,N,0.0,D,1.0,24.0,M,Y,3.0,Apparently Normal,4.0,0,0,0,Unsafe Speed,For Type of Roadway (Pavement Surface),0,0,0,0,0,0,0,0,0,0,0,0,0,0,0,0,0,0,0,0,0,0,0,0,0,0,0,0,0,0,0,1,0,0,0,1,0
300503692,Sequoyah,southern,,County Road,0,0.0,0.0,incapacitating_injury,1.0,0,1.0,0.0,0.0,ANIMAL,ANIMAL,35.424,-94.9029,2021,2021-03-23,17.48,1,0,N,       ,N,N,0,Clear,Daylight,1.0,34,0,Roadway Departure Right,0,N,0.0,D,19.0,15.0,M,Y,1.0,Apparently Normal,1.0,0,1,0,Unsafe Speed,Driver's Ability (Aged),0,0,0,0,0,0,0,0,0,0,0,0,0,0,0,0,0,0,0,0,0,0,0,0,0,0,0,0,0,0,0,1,0,0,0,0,0
300503780,Tulsa,tulsa,,City Street,7,99.0,80.0,property_damage,0.0,0,0.0,0.0,0.0,OTHER,OTHER,36.16595579,-95.9514838,2021,2021-03-13,6.3,2,0,N,       ,N,N,0,Clear,Dawn,1.0,35,0,No Roadway Departure,0,Y,0.0,D,2.0,39.0,F,Y,1.0,Apparently Normal,4.0,0,0,0,Unsafe Speed,Other,0,0,0,0,0,0,0,0,0,0,0,0,0,0,0,0,0,0,0,0,0,0,0,0,0,0,0,0,0,0,0,1,0,0,0,1,0
300503907,Tulsa,tulsa,SH-11,State Highway,1,21.0,36.0,possible_injury,0.0,0,0.0,0.0,1.0,F-O TRAFF-SIGN,FIXED-OBJECT,36.19709866,-95.91951457,2021,2021-03-26,21.52,1,0,N,       ,N,N,0,Clear,Dark / Unlighted,1.0,20,0,Roadway Departure Right,0,N,0.0,D,2.0,23.0,M,Y,1.0,Apparently Normal,4.0,0,0,0,Unsafe Speed,Other,0,0,0,0,0,0,0,0,0,0,0,0,0,0,0,0,0,0,0,0,0,0,0,0,0,0,0,0,0,0,0,1,0,0,0,1,0
300504019,Delaware,northern,US-412,Turnpike,0,10.0,0.0,possible_injury,0.0,0,0.0,0.0,1.0,F-O BARR-CONCRETE,FIXED-OBJECT,36.19040805,-94.71281779,2021,2021-03-25,11.22,1,0,N,       ,N,N,0,Rain,Daylight,2.0,19,0,Roadway Departure Left,0,N,0.0,D,2.0,46.0,F,Y,2.0,Apparently Normal,4.0,0,0,0,Unsafe Speed,Rain or Wet Roadway,0,0,0,0,0,0,0,0,0,0,0,0,0,0,0,0,0,0,0,0,0,0,0,0,0,0,0,0,0,0,0,1,0,0,1,0,0
300504031,Sequoyah,southern,SH-101,State Highway,0,0.0,0.0,property_damage,0.0,0,0.0,0.0,0.0,F-O TREE,FIXED-OBJECT,35.55833229,-94.55983408,2021,2021-03-24,3.06,1,0,N,       ,N,N,0,Clear,Dark / Unlighted,1.0,20,0,Roadway Departure Right,0,N,0.0,D,20.0,22.0,F,Y,1.0,Unknown,99.0,0,0,0,Unsafe Speed,Other,0,0,0,0,0,0,0,0,0,0,0,0,0,0,0,0,0,0,0,0,0,0,0,0,0,0,0,0,0,0,0,1,0,0,0,1,0
300504037,Sequoyah,southern,US-64,US Route,0,0.0,0.0,property_damage,0.0,0,0.0,0.0,0.0,F-O BARR-CONCRETE,FIXED-OBJECT,35.3994668,-94.44393877,2021,2021-03-25,14.05,1,0,N,       ,N,N,0,Rain,Daylight,2.0,20,0,Roadway Departure Right,0,N,0.0,D,2.0,24.0,F,Y,1.0,Apparently Normal,4.0,0,0,0,Unsafe Speed,Rain or Wet Roadway,0,0,0,0,0,0,0,0,0,0,0,0,0,0,0,0,0,0,0,0,0,0,0,0,0,0,0,0,0,0,0,1,0,0,1,0,0
300504086,Delaware,northern,,County Road,1,99.0,80.0,property_damage,0.0,0,0.0,0.0,0.0,F-O DITCH,FIXED-OBJECT,36.6251,-94.7134,2021,2021-03-25,18.15,1,0,N,       ,N,N,0,Clear,Daylight,5.0,20,0,Roadway Departure Right,0,N,0.0,D,2.0,28.0,F,Y,1.0,Apparently Normal,4.0,0,0,0,Unsafe Speed,For Type of Roadway (Pavement Surface),0,0,0,0,0,0,0,0,0,0,0,0,0,0,0,0,0,0,0,0,0,0,0,0,0,0,0,0,0,0,0,1,0,0,0,0,1
300504099,Tulsa,tulsa,I-244,Interstate,0,30.0,0.0,possible_injury,0.0,0,0.0,0.0,2.0,F-O RET-WALL,FIXED-OBJECT,36.16572978,-95.85418767,2021,2021-03-25,14.24,1,0,N,       ,N,N,0,Rain,Daylight,2.0,20,0,Roadway Departure Right,0,N,0.0,D,2.0,24.0,F,Y,1.0,Apparently Normal,4.0,0,0,0,Unsafe Speed,Rain or Wet Roadway,0,0,0,0,0,0,0,0,0,0,0,0,0,0,0,0,0,0,0,0,0,0,0,0,0,0,0,0,0,0,0,1,0,0,1,0,0
300504126,Tulsa,tulsa,I-244,Interstate,1,20.0,0.0,property_damage,0.0,0,0.0,0.0,0.0,SIDESWIPE-SAME,SIDESWIPE-SAME,36.16246351,-95.82814796,2021,2021-03-29,14.01,2,1,N,       ,N,N,0,Clear,Daylight,1.0,16,0,No Roadway Departure,0,N,0.0,D,2.0,24.0,M,Y,1.0,Apparently Normal,4.0,0,0,0,Unsafe Speed,For Traffic Conditions,0,0,0,0,0,0,0,0,0,0,0,0,0,0,0,0,0,0,0,0,0,0,0,0,0,0,0,0,0,0,0,1,0,0,0,0,0
300504159,Mayes,northern,I-44,Turnpike Interstate,0,0.0,0.0,incapacitating_injury,1.0,0,1.0,0.0,0.0,F-O BARR-CONCRETE,FIXED-OBJECT,36.46873117,-95.3357886,2021,2021-03-25,13.09,1,0,N,       ,N,N,0,Rain,Daylight,2.0,19,0,Roadway Departure Left,0,N,0.0,D,20.0,39.0,M,Y,4.0,Apparently Normal,4.0,0,0,0,Unsafe Speed,Rain or Wet Roadway,0,0,0,0,0,0,0,0,0,0,0,0,0,0,0,0,0,0,0,0,0,0,0,0,0,0,0,0,0,0,0,1,0,0,1,0,0
300504246,Delaware,northern,US-59,US Route,0,0.0,0.0,non_incapacitating_injury,1.0,0,0.0,1.0,0.0,ROLLOVER,ROLLOVER,36.3387087,-94.78419756,2021,2021-03-26,16.53,1,0,N,       ,N,N,0,Clear,Daylight,1.0,20,0,Roadway Departure Right,0,N,0.0,D,15.0,35.0,M,Y,3.0,Apparently Normal,99.0,0,0,0,Unsafe Speed,On Curve/Turn,0,0,0,0,0,0,0,0,0,0,0,0,0,0,0,0,0,0,0,0,0,0,0,0,0,0,0,0,0,0,0,1,0,0,0,0,0
300504320,Tulsa,tulsa,,City Street,5,99.0,80.0,property_damage,0.0,0,0.0,0.0,0.0,REAR-END,REAR-END,36.16816021,-95.9968441,2021,2021-03-30,7.42,2,0,N,       ,N,N,0,Cloudy,Daylight,1.0,3,0,No Roadway Departure,0,N,0.0,D,4.0,37.0,M,Y,1.0,Apparently Normal,4.0,0,0,0,Unsafe Speed,For Traffic Conditions,0,0,0,0,0,0,0,0,0,0,0,0,0,0,0,0,0,0,0,0,0,0,0,0,0,0,0,0,0,0,0,1,0,0,0,0,0
300504331,Tulsa,tulsa,I-244,Interstate,0,30.0,0.0,possible_injury,0.0,0,0.0,0.0,1.0,F-O FENCE-POLE,FIXED-OBJECT,36.16608743,-95.85064059,2021,2021-03-30,12.25,1,0,N,       ,Y,N,1,Cloudy,Daylight,1.0,19,0,Roadway Departure Left,0,N,0.0,D,20.0,47.0,F,Y,2.0,Odor of Alcohol Beverage,1.0,0,0,0,Unsafe Speed,Vehicle Condition,0,0,0,0,0,0,0,0,0,0,0,0,0,0,0,0,0,0,0,0,0,0,0,0,0,0,0,0,0,0,0,1,0,0,0,0,0
300504409,Muskogee,southern,,County Road,0,0.0,0.0,possible_injury,0.0,0,0.0,0.0,1.0,F-O FENCE,FIXED-OBJECT,35.8049,-95.1451,2021,2021-03-16,5.55,1,0,N,       ,N,N,0,Cloudy,Dark / Unlighted,1.0,20,0,Roadway Departure Right,0,N,0.0,D,2.0,22.0,M,Y,2.0,Apparently Normal,4.0,0,0,0,Unsafe Speed,On Curve/Turn,0,0,0,0,0,0,0,0,0,0,0,0,0,0,0,0,0,0,0,0,0,0,0,0,0,0,0,0,0,0,0,1,0,0,0,1,0
300504416,Muskogee,southern,MUSTPK,Turnpike,0,0.0,0.0,possible_injury,0.0,0,0.0,0.0,1.0,F-O BARR-CABLE,FIXED-OBJECT,35.58378072,-95.25923628,2021,2021-03-25,8.01,1,0,N,       ,N,N,0,Rain,Daylight,2.0,19,0,Roadway Departure Left,0,N,0.0,D,20.0,27.0,F,Y,2.0,Apparently Normal,4.0,0,0,0,Unsafe Speed,Rain or Wet Roadway,0,0,0,0,0,0,0,0,0,0,0,0,0,0,0,0,0,0,0,0,0,0,0,0,0,0,0,0,0,0,0,1,0,0,1,0,0
300504475,Sequoyah,southern,,County Road,0,0.0,0.0,possible_injury,0.0,0,0.0,0.0,1.0,ROLLOVER,ROLLOVER,35.6291,-95.0118,2021,2021-03-31,13.41,1,0,N,       ,N,N,0,Clear,Daylight,1.0,20,0,Roadway Departure Right,0,N,0.0,D,20.0,17.0,F,Y,2.0,Apparently Normal,4.0,0,1,0,Unsafe Speed,Inexperienced Driver - Young,0,0,0,0,0,0,0,0,0,0,0,0,0,0,0,0,0,0,0,0,0,0,0,0,0,0,0,0,0,0,0,1,0,0,0,0,0
300504547,Tulsa,northern,US-75,US Route,0,0.0,0.0,property_damage,0.0,0,0.0,0.0,0.0,F-O FENCE,FIXED-OBJECT,36.38288209,-95.92028508,2021,2021-03-17,7.06,1,0,N,       ,N,N,0,Rain,Dark / Unlighted,2.0,19,0,Roadway Departure Left,0,N,0.0,D,4.0,31.0,M,Y,1.0,Apparently Normal,4.0,0,0,0,Unsafe Speed,Rain or Wet Roadway,0,0,0,0,0,0,0,0,0,0,0,0,0,0,0,0,0,0,0,0,0,0,0,0,0,0,0,0,0,0,0,1,0,0,1,1,0
300504566,Ottawa,northern,US-60,US Route,1,0.0,0.0,property_damage,0.0,0,0.0,0.0,0.0,REAR-END,REAR-END,36.70031785,-94.94449667,2021,2021-03-19,11.23,2,0,N,       ,N,N,0,Clear,Daylight,1.0,4,0,Roadway Departure Right,0,N,0.0,D,4.0,28.0,M,Y,1.0,Apparently Normal,4.0,0,0,0,Unsafe Speed,Other,0,0,0,0,0,0,0,0,0,0,0,0,0,0,0,0,0,0,0,0,0,0,0,0,0,0,0,0,0,0,0,1,0,0,0,0,0
300504628,Nowata,northern,US-169,US Route,0,0.0,0.0,property_damage,0.0,0,0.0,0.0,0.0,OTHER,OTHER,36.74625571,-95.62965597,2021,2021-03-31,13.3,2,1,N,       ,N,N,0,Clear,Daylight,1.0,35,0,Roadway Departure Right,0,N,0.0,D,8.0,58.0,M,Y,1.0,Apparently Normal,4.0,0,0,0,Unsafe Speed,Vehicle Condition,0,0,0,0,0,0,0,0,0,0,0,0,0,0,0,0,0,0,0,0,0,0,0,0,0,0,0,0,0,0,0,1,0,0,0,0,0
300504643,Rogers,northern,,County Road,0,0.0,0.0,incapacitating_injury,2.0,0,1.0,1.0,0.0,ROLLOVER,ROLLOVER,36.1957,-95.7975,2021,2021-03-19,1.39,1,0,N,       ,N,N,0,Cloudy,Dark / Unlighted,1.0,20,0,Roadway Departure Right,0,N,0.0,D,4.0,14.0,M,Y,3.0,Apparently Normal,4.0,0,1,0,Unsafe Speed,Exceeding Legal Limit,0,0,0,0,0,0,0,0,0,0,0,0,0,0,0,0,0,0,0,0,0,0,0,0,0,0,0,0,0,0,0,1,0,0,0,1,0
300504999,Cherokee,southern,,County Road,0,0.0,0.0,fatal,0.0,1,0.0,0.0,0.0,ROLLOVER,ROLLOVER,35.7248,-94.996,2021,2021-04-02,14.43,1,0,N,       ,N,N,0,Clear,Daylight,1.0,20,0,Roadway Departure Right,0,N,0.0,D,2.0,78.0,F,Y,5.0,Unknown,4.0,1,0,0,Unsafe Speed,On Curve/Turn,0,0,0,0,0,0,0,0,0,0,0,0,0,0,0,0,0,0,0,0,0,0,0,0,0,0,0,0,0,0,0,1,0,0,0,0,0
300505104,Delaware,northern,,County Road,0,0.0,0.0,non_incapacitating_injury,1.0,0,0.0,1.0,0.0,ROLLOVER,ROLLOVER,36.5608,-95.0056,2021,2021-04-05,7.4,1,0,N,       ,N,N,0,Clear,Daylight,5.0,20,0,Roadway Departure Right,0,N,0.0,D,2.0,37.0,M,Y,3.0,Apparently Normal,4.0,0,0,0,Unsafe Speed,For Type of Roadway (Pavement Surface),0,0,0,0,0,0,0,0,0,0,0,0,0,0,0,0,0,0,0,0,0,0,0,0,0,0,0,0,0,0,0,1,0,0,0,0,1
300505114,Craig,northern,I-44,Turnpike Interstate,0,0.0,0.0,non_incapacitating_injury,2.0,0,0.0,2.0,0.0,REAR-END,REAR-END,36.54437988,-95.23171172,2021,2021-03-26,17.42,2,0,N,       ,N,N,0,Clear,Daylight,1.0,3,0,Roadway Departure Left,0,N,0.0,D,2.0,23.0,F,Y,3.0,Apparently Normal,4.0,0,0,0,Unsafe Speed,For Traffic Conditions,0,0,0,0,0,0,0,0,0,0,0,0,0,0,0,0,0,0,0,0,0,0,0,0,0,0,0,0,0,0,0,1,0,0,0,0,0
300505148,Tulsa,tulsa,,City Street,7,99.0,80.0,property_damage,0.0,0,0.0,0.0,0.0,OTHER,OTHER,36.17680329,-95.9157363,2021,2021-04-05,14.18,2,1,N,       ,N,N,0,Cloudy,Daylight,1.0,35,0,No Roadway Departure,0,N,0.0,D,2.0,52.0,F,Y,1.0,Apparently Normal,4.0,0,0,0,Unsafe Speed,For Traffic Conditions,0,0,0,0,0,0,0,0,0,0,0,0,0,0,0,0,0,0,0,0,0,0,0,0,0,0,0,0,0,0,0,1,0,0,0,0,0
300505232,Craig,northern,,County Road,0,76.0,0.0,incapacitating_injury,1.0,0,1.0,0.0,0.0,F-O DITCH,FIXED-OBJECT,36.7711,-95.0713,2021,2021-04-04,22.26,1,0,N,       ,N,N,0,Clear,Dark / Unlighted,1.0,19,0,Roadway Departure Left,0,N,0.0,D,2.0,22.0,M,Y,4.0,Unknown,1.0,0,0,0,Unsafe Speed,For Type of Roadway (Pavement Surface),0,0,0,0,0,0,0,0,0,0,0,0,0,0,0,0,0,0,0,0,0,0,0,0,0,0,0,0,0,0,0,1,0,0,0,1,0
300505239,Ottawa,northern,US-59,US Route,0,0.0,0.0,property_damage,0.0,0,0.0,0.0,0.0,REAR-END,REAR-END,36.68497801,-94.91065379,2021,2021-04-04,15.24,2,0,N,       ,N,N,0,Clear,Daylight,1.0,3,0,No Roadway Departure,0,N,0.0,D,20.0,57.0,M,Y,1.0,Apparently Normal,4.0,0,0,0,Unsafe Speed,For Traffic Conditions,0,0,0,0,0,0,0,0,0,0,0,0,0,0,0,0,0,0,0,0,0,0,0,0,0,0,0,0,0,0,0,1,0,0,0,0,0
300505382,Sequoyah,southern,,County Road,0,99.0,80.0,property_damage,0.0,0,0.0,0.0,0.0,SIDESWIPE-OPP,SIDESWIPE-OPP,35.5897,-94.8289,2021,2021-04-05,14.38,2,1,N,       ,N,N,0,Clear,Daylight,1.0,17,0,No Roadway Departure,0,N,0.0,D,20.0,45.0,F,Y,1.0,Apparently Normal,4.0,0,0,0,Unsafe Speed,On Curve/Turn,0,0,0,0,0,0,0,0,0,0,0,0,0,0,0,0,0,0,0,0,0,0,0,0,0,0,0,0,0,0,0,1,0,0,0,0,0
300505401,Tulsa,tulsa,,City Street,6,0.0,0.0,non_incapacitating_injury,2.0,0,0.0,2.0,0.0,REAR-END,REAR-END,36.2206083,-95.86846357,2021,2021-04-06,13.16,2,0,N,       ,N,N,0,Cloudy,Daylight,1.0,2,0,No Roadway Departure,0,N,0.0,D,4.0,47.0,M,Y,3.0,Apparently Normal,4.0,0,0,0,Unsafe Speed,For Traffic Conditions,0,0,0,0,0,0,0,0,0,0,0,0,0,0,0,0,0,0,0,0,0,0,0,0,0,0,0,0,0,0,0,1,0,0,0,0,0
300505422,Tulsa,tulsa,US-169,US Route,0,5.0,0.0,non_incapacitating_injury,1.0,0,0.0,1.0,1.0,REAR-END,REAR-END,36.20394742,-95.85157322,2021,2021-04-02,14.1,3,0,Y,       ,N,N,0,Clear,Daylight,1.0,2,0,No Roadway Departure,0,N,0.0,D,20.0,23.0,F,Y,3.0,Apparently Normal,4.0,0,0,0,Unsafe Speed,For Traffic Conditions,0,0,0,0,0,0,0,0,0,0,0,0,0,0,0,0,0,0,0,0,0,0,0,0,0,0,0,0,0,0,0,1,0,0,0,0,0
300505424,Adair,southern,US-59,US Route,0,0.0,0.0,non_incapacitating_injury,2.0,0,0.0,2.0,0.0,ROLLOVER,ROLLOVER,36.14759608,-94.56644282,2021,2021-03-25,10.34,1,0,N,       ,N,N,0,Rain,Daylight,2.0,20,0,Roadway Departure Right,0,N,0.0,D,2.0,60.0,M,Y,3.0,Apparently Normal,1.0,0,0,0,Unsafe Speed,Rain or Wet Roadway,0,0,0,0,0,0,0,0,0,0,0,0,0,0,0,0,0,0,0,0,0,0,0,0,0,0,0,0,0,0,0,1,0,0,1,0,0
300505454,Tulsa,tulsa,SH-11,State Highway,0,0.0,0.0,incapacitating_injury,1.0,0,1.0,0.0,0.0,F-O GUARDRL-END,FIXED-OBJECT,36.17341984,-95.88497637,2021,2021-04-05,18.02,1,0,N,       ,N,N,0,Clear,Daylight,1.0,19,0,Roadway Departure Left,0,N,0.0,D,4.0,45.0,M,Y,4.0,Apparently Normal,4.0,0,0,0,Unsafe Speed,On Curve/Turn,0,0,0,0,0,0,0,0,0,0,0,0,0,0,0,0,0,0,0,0,0,0,0,0,0,0,0,0,0,0,0,1,0,0,0,0,0
300505519,Washington,northern,,County Road,0,99.0,80.0,property_damage,0.0,0,0.0,0.0,0.0,F-O DITCH,FIXED-OBJECT,36.6989,-95.8819,2021,2021-03-22,8.0,1,0,N,       ,N,N,0,Cloudy,Daylight,1.0,20,0,Roadway Departure Right,0,N,0.0,D,4.0,23.0,M,Y,1.0,Apparently Normal,4.0,0,0,0,Unsafe Speed,On Curve/Turn,0,0,0,0,0,0,0,0,0,0,0,0,0,0,0,0,0,0,0,0,0,0,0,0,0,0,0,0,0,0,0,1,0,0,0,0,0
300505650,Mayes,northern,I-44,Turnpike Interstate,0,0.0,0.0,non_incapacitating_injury,2.0,0,0.0,2.0,0.0,OTHER,OTHER,36.49963579,-95.2841235,2021,2021-02-09,23.22,6,6,N,       ,N,N,0,Sleet/Hail/Freezing Rain,Dark / Unlighted,3.0,35,0,Roadway Departure Right,0,N,0.0,D,10.0,51.0,M,Y,1.0,Apparently Normal,4.0,0,0,0,Unsafe Speed,For Ice or Snow on Roadway,0,0,0,0,0,0,0,0,0,0,0,0,0,0,0,0,0,0,0,0,0,0,0,0,0,0,0,0,0,0,0,1,0,0,1,1,1
300505734,Tulsa,northern,US-169,US Route,0,0.0,0.0,non_incapacitating_injury,1.0,0,0.0,1.0,0.0,REAR-END,REAR-END,36.24190831,-95.84799942,2021,2021-03-24,9.02,3,0,N,       ,N,N,0,Clear,Daylight,1.0,3,0,No Roadway Departure,0,N,0.0,D,2.0,25.0,F,Y,3.0,Apparently Normal,4.0,0,0,0,Unsafe Speed,For Traffic Conditions,0,0,0,0,0,0,0,0,0,0,0,0,0,0,0,0,0,0,0,0,0,0,0,0,0,0,0,0,0,0,0,1,0,0,0,0,0
300505797,Sequoyah,southern,I-40,Interstate,0,0.0,0.0,property_damage,0.0,0,0.0,0.0,0.0,F-O BARR-CONCRETE,FIXED-OBJECT,35.48642849,-95.09805158,2021,2021-04-09,19.43,1,0,N,       ,N,N,0,Rain,Dusk,2.0,19,0,Roadway Departure Left,0,N,0.0,D,1.0,37.0,M,Y,1.0,Apparently Normal,4.0,0,0,0,Unsafe Speed,Rain or Wet Roadway,0,0,0,0,0,0,0,0,0,0,0,0,0,0,0,0,0,0,0,0,0,0,0,0,0,0,0,0,0,0,0,1,0,0,1,1,0
300505921,Mayes,northern,,County Road,0,99.0,80.0,property_damage,0.0,0,0.0,0.0,0.0,F-O TREE,FIXED-OBJECT,36.2618,-95.1204,2021,2021-04-10,17.4,1,0,N,       ,N,N,0,,,99.0,20,0,Roadway Departure Right,0,N,0.0,D,2.0,0.0,9,Y,1.0,Unknown,99.0,0,0,0,Unsafe Speed,On Curve/Turn,0,0,0,0,0,0,0,0,0,0,0,0,0,0,0,0,0,0,0,0,0,0,0,0,0,0,0,0,0,0,0,1,0,0,0,0,0
300505929,Nowata,northern,,County Road,0,80.0,99.0,property_damage,0.0,0,0.0,0.0,0.0,F-O FENCE,FIXED-OBJECT,36.9256,-95.6291,2021,2021-03-25,22.51,1,0,N,       ,N,N,0,Fog/Smoke,Dark / Unlighted,1.0,20,0,Roadway Departure Left,0,N,0.0,D,4.0,20.0,M,Y,1.0,Apparently Normal,4.0,0,0,0,Unsafe Speed,Other Weather Condition,0,0,0,0,0,0,0,0,0,0,0,0,0,0,0,0,0,0,0,0,0,0,0,0,0,0,0,0,0,0,0,1,0,0,1,1,0
300505937,Ottawa,northern,I-44,Turnpike Interstate,0,0.0,0.0,non_incapacitating_injury,1.0,0,0.0,1.0,1.0,SIDESWIPE-SAME,SIDESWIPE-SAME,36.84608166,-94.85871439,2021,2021-03-17,17.14,2,1,N,       ,N,N,0,Rain,Daylight,2.0,16,0,Roadway Departure Left,0,N,0.0,D,4.0,53.0,M,Y,2.0,Apparently Normal,4.0,0,0,0,Unsafe Speed,Rain or Wet Roadway,0,0,0,0,0,0,0,0,0,0,0,0,0,0,0,0,0,0,0,0,0,0,0,0,0,0,0,0,0,0,0,1,0,0,1,0,0
300505938,Wagoner,southern,,County Road,0,80.0,99.0,property_damage,0.0,0,0.0,0.0,0.0,F-O UTIL-POLE,FIXED-OBJECT,35.8592,-95.323,2021,2021-03-31,23.0,1,0,N,       ,N,N,0,Clear,Dark / Unlighted,1.0,20,0,Roadway Departure Left,0,N,0.0,D,2.0,17.0,M,Y,1.0,Apparently Normal,4.0,0,1,0,Unsafe Speed,Driver's Ability (Aged),0,0,0,0,0,0,0,0,0,0,0,0,0,0,0,0,0,0,0,0,0,0,0,0,0,0,0,0,0,0,0,1,0,0,0,1,0