crash_id,county,region,highway_name,highway_class,intersection_rel,special_feature_1,special_feature_2,severity_level,visual_injured_num,fatal_num,suspected_serious_injured_num,non_incapacitated_injured_num,possibly_injured_num,crash_type,main_crash_type,latitude,longitude,year,date,time,number_of_vehicles,number_of_commercial_vehicles,work_zone,railroad_crossing,alcohol,drug,Alcohol or Drug,weather_condition,lighting_condition,road_condition,manner_of_collision,pedestrians_num,roadway_departure,cross_centerline,hit_and_run,emergency_vehicle_use,unit_type,vehicle_type,age,sex,driver_of_vehicle,injury_severity,person_condition,restraint_use,older_driver,teen_driver,Sleepy/Ill/Dizzy Driver,unsafe_unlaw_category,unsafe_unlaw_desc,Abnormal Traffic Control,Alcohol-DUI/DWI,Animal in Roadway,Apparently Sleepy,Avoiding Other Vehicle,Avoiding Pedestrian,Changed Lanes Unsafely,Deer in Roadway,Defect in Roadway,Disregarded Warning Signal,Domestic Animal in Roadway,Drug-DUI,Failed to Secure Load,Failed to Signal,Failed to Stop,Failed to Yield,Followed too Closely,Improper Backing,Improper Bicyclist Action,Improper Overtaking,Improper Parking,Improper Start From,Improper Turn,Improper Use of Lane,Distraction,Left of Center,No Improper Action by Driver,Object/Debris in Roadway,Other Improper Act/Movement,Pedestrian Action,Stopped in Traffic Lane,Speeding,Unsafe Vehicle,Wrong Way,Bad Weather,Bad Lighting,Bad Road Condition
300517864,Rogers,northern,I-44,Interstate,0,0.0,0.0,non_incapacitating_injury,1.0,0,0.0,1.0,1.0,REAR-END,REAR-END,36.16253061,-95.76248914,2021,2021-06-28,17.57,2,0,N,       ,N,N,0,Cloudy,Daylight,1.0,3,0,Roadway Departure Right,0,N,0.0,D,2.0,40.0,F,Y,3.0,Apparently Normal,1.0,0,0,0,Unsafe Speed,Exceeding Legal Limit,0,0,0,0,0,0,0,0,0,0,0,0,0,0,0,0,0,0,0,0,0,0,0,0,0,0,0,0,0,0,0,1,0,0,0,0,0
300517868,Mayes,northern,,County Road,0,0.0,0.0,non_incapacitating_injury,1.0,0,0.0,1.0,0.0,F-O DITCH,FIXED-OBJECT,36.102,-95.2286,2021,2021-07-04,23.21,1,0,N,       ,N,N,0,Cloudy,Dark / Unlighted,1.0,20,0,Roadway Departure Right,0,N,0.0,D,15.0,23.0,M,Y,3.0,Apparently Normal,1.0,0,0,0,Unsafe Speed,On Curve/Turn,0,0,0,0,0,0,0,0,0,0,0,0,0,0,0,0,0,0,0,0,0,0,0,0,0,0,0,0,0,0,0,1,0,0,0,1,0
300517885,Tulsa,tulsa,US-75,US Route,1,21.0,0.0,property_damage,0.0,0,0.0,0.0,0.0,REAR-END,REAR-END,36.17678952,-95.97318222,2021,2021-07-05,10.3,2,0,N,       ,N,N,0,Clear,Daylight,1.0,2,0,No Roadway Departure,0,Y,0.0,D,4.0,19.0,M,Y,1.0,Apparently Normal,4.0,0,1,0,Unsafe Speed,For Traffic Conditions,0,0,0,0,0,0,0,0,0,0,0,0,0,0,0,0,0,0,0,0,0,0,0,0,0,0,0,0,0,0,0,1,0,0,0,0,0
300517965,Delaware,northern,,County Road,0,0.0,0.0,non_incapacitating_injury,1.0,0,0.0,1.0,0.0,F-O GROUND,FIXED-OBJECT,36.3792,-94.9387,2021,2021-07-05,16.13,1,0,N,       ,N,N,0,Clear,Daylight,1.0,19,0,Roadway Departure Left,0,N,0.0,D,15.0,39.0,M,Y,3.0,Apparently Normal,7.0,0,0,0,Unsafe Speed,On Curve/Turn,0,0,0,0,0,0,0,0,0,0,0,0,0,0,0,0,0,0,0,0,0,0,0,0,0,0,0,0,0,0,0,1,0,0,0,0,0
300517970,Muskogee,southern,MUSTPK,Turnpike,0,0.0,0.0,property_damage,0.0,0,0.0,0.0,0.0,F-O BARR-CABLE,FIXED-OBJECT,35.50811564,-95.18417238,2021,2021-07-01,12.21,1,0,N,       ,N,N,0,Cloudy,Daylight,2.0,19,0,Roadway Departure Right,0,N,0.0,D,2.0,38.0,F,Y,1.0,Apparently Normal,4.0,0,0,0,Unsafe Speed,Rain or Wet Roadway,0,0,0,0,0,0,0,0,0,0,0,0,0,0,0,0,0,0,0,0,0,0,0,0,0,0,0,0,0,0,0,1,0,0,0,0,0
300517973,Muskogee,southern,MUSTPK,Turnpike,0,0.0,0.0,possible_injury,0.0,0,0.0,0.0,1.0,F-O POLE-OTHER,FIXED-OBJECT,35.50388269,-95.17931734,2021,2021-07-01,15.15,1,0,N,       ,N,N,0,Rain,Daylight,2.0,20,0,Roadway Departure Right,0,N,0.0,D,2.0,18.0,M,Y,2.0,Apparently Normal,4.0,0,1,0,Unsafe Speed,Rain or Wet Roadway,0,0,0,0,0,0,0,0,0,0,0,0,0,0,0,0,0,0,0,0,0,0,0,0,0,0,0,0,0,0,0,1,0,0,1,0,0
300517974,Delaware,northern,US-412,Turnpike,0,17.0,0.0,property_damage,0.0,0,0.0,0.0,0.0,REAR-END,REAR-END,36.21225586,-94.93027961,2021,2021-07-04,10.24,2,0,N,       ,N,N,0,Clear,Daylight,1.0,2,0,No Roadway Departure,0,N,0.0,D,20.0,39.0,M,Y,1.0,Apparently Normal,4.0,0,0,0,Unsafe Speed,For Traffic Conditions,0,0,0,0,0,0,0,0,0,0,0,0,0,0,0,0,0,0,0,0,0,0,0,0,0,0,0,0,0,0,0,1,0,0,0,0,0
300517979,Muskogee,southern,MUSTPK,Turnpike,0,0.0,0.0,property_damage,0.0,0,0.0,0.0,0.0,F-O GUARDRL-FACE,FIXED-OBJECT,35.48533161,-95.16438498,2021,2021-06-24,11.1,1,1,N,       ,N,N,0,Clear,Daylight,1.0,20,0,Roadway Departure Right,0,N,0.0,D,10.0,53.0,M,Y,1.0,Apparently Normal,4.0,0,0,0,Unsafe Speed,On Curve/Turn,0,0,0,0,0,0,0,0,0,0,0,0,0,0,0,0,0,0,0,0,0,0,0,0,0,0,0,0,0,0,0,1,0,0,0,0,0
300518005,Sequoyah,southern,I-40,Interstate,0,32.0,0.0,property_damage,0.0,0,0.0,0.0,0.0,F-O DITCH,FIXED-OBJECT,35.44798799,-94.80230403,2021,2021-07-01,16.45,1,0,N,       ,N,N,0,Rain,Daylight,2.0,20,0,Roadway Departure Right,0,N,0.0,D,4.0,28.0,F,Y,1.0,Apparently Normal,4.0,0,0,0,Unsafe Speed,Rain or Wet Roadway,0,0,0,0,0,0,0,0,0,0,0,0,0,0,0,0,0,0,0,0,0,0,0,0,0,0,0,0,0,0,0,1,0,0,1,0,0
300518006,Sequoyah,southern,I-40,Interstate,0,0.0,0.0,property_damage,0.0,0,0.0,0.0,0.0,F-O BARR-CABLE,FIXED-OBJECT,35.39366192,-94.64216676,2021,2021-06-30,12.25,1,0,N,       ,N,N,0,Rain,Daylight,2.0,19,0,Roadway Departure Left,0,N,0.0,D,2.0,23.0,F,Y,1.0,Apparently Normal,3.0,0,0,0,Unsafe Speed,Rain or Wet Roadway,0,0,0,0,0,0,0,0,0,0,0,0,0,0,0,0,0,0,0,0,0,0,0,0,0,0,0,0,0,0,0,1,0,0,1,0,0
300518052,Delaware,northern,SH-28,State Highway,0,0.0,0.0,property_damage,0.0,0,0.0,0.0,0.0,F-O UTIL-POLE,FIXED-OBJECT,36.44451,-94.89861839,2021,2021-07-05,21.04,1,0,N,       ,N,N,0,Clear,Dusk,1.0,20,0,Roadway Departure Right,0,N,0.0,D,20.0,15.0,F,Y,1.0,Apparently Normal,4.0,0,1,0,Unsafe Speed,Inexperienced Driver - Young,0,0,0,0,0,0,0,0,0,0,0,0,0,0,0,0,0,0,0,0,0,0,0,0,0,0,0,0,0,0,0,1,0,0,0,1,0
300518056,Sequoyah,southern,,County Road,1,99.0,80.0,property_damage,0.0,0,0.0,0.0,0.0,F-O FENCE,FIXED-OBJECT,35.3599,-94.6345,2021,2021-07-05,8.16,1,0,N,       ,N,N,0,Clear,Daylight,1.0,41,0,Roadway Departure Left,0,N,0.0,D,4.0,27.0,M,Y,1.0,Apparently Normal,4.0,0,0,0,Unsafe Speed,On Curve/Turn,0,0,0,0,0,0,0,0,0,0,0,0,0,0,0,0,0,0,0,0,0,0,0,0,0,0,0,0,0,0,0,1,0,0,0,0,0
300518154,Delaware,northern,,County Road,0,0.0,0.0,non_incapacitating_injury,1.0,0,0.0,1.0,0.0,F-O TREE,FIXED-OBJECT,36.215,-94.6358,2021,2021-07-06,3.43,1,0,N,       ,N,N,0,Clear,Dark / Unlighted,1.0,19,0,Roadway Departure Left,0,N,0.0,D,4.0,46.0,F,Y,3.0,Apparently Normal,1.0,0,0,0,Unsafe Speed,On Curve/Turn,0,0,0,0,0,0,0,0,0,0,0,0,0,0,0,0,0,0,0,0,0,0,0,0,0,0,0,0,0,0,0,1,0,0,0,1,0
300518175,Tulsa,northern,,County Road,0,0.0,0.0,incapacitating_injury,1.0,0,1.0,0.0,0.0,ROLLOVER,ROLLOVER,36.2351,-95.9804,2021,2021-07-05,15.58,1,0,N,       ,N,N,0,Clear,Daylight,1.0,19,0,Roadway Departure Right,0,N,0.0,D,19.0,59.0,M,Y,4.0,Unknown,1.0,0,0,0,Unsafe Speed,On Curve/Turn,0,0,0,0,0,0,0,0,0,0,0,0,0,0,0,0,0,0,0,0,0,0,0,0,0,0,0,0,0,0,0,1,0,0,0,0,0
300518181,Delaware,northern,US-412,Turnpike,0,0.0,0.0,property_damage,0.0,0,0.0,0.0,0.0,F-O TRAFF-SIGN,FIXED-OBJECT,36.21275175,-94.7944846,2021,2021-07-01,8.38,1,0,N,       ,N,N,0,Rain,Daylight,7.0,20,0,Roadway Departure Right,0,N,0.0,D,2.0,32.0,M,Y,1.0,Apparently Normal,4.0,0,0,0,Unsafe Speed,Rain or Wet Roadway,0,0,0,0,0,0,0,0,0,0,0,0,0,0,0,0,0,0,0,0,0,0,0,0,0,0,0,0,0,0,0,1,0,0,1,0,1
300518290,Ottawa,northern,US-59,US Route,1,0.0,0.0,property_damage,0.0,0,0.0,0.0,0.0,F-O OTHER,FIXED-OBJECT,36.77023388,-94.92722848,2021,2021-07-07,6.3,1,0,N,       ,N,N,0,Clear,Daylight,1.0,20,0,Roadway Departure Left,0,Y,0.0,D,20.0,0.0,9,Y,1.0,Unknown,99.0,0,0,0,Unsafe Speed,On Curve/Turn,0,0,0,0,0,0,0,0,0,0,0,0,0,0,0,0,0,0,0,0,0,0,0,0,0,0,0,0,0,0,0,1,0,0,0,0,0
300518496,Mayes,northern,,County Road,1,99.0,80.0,property_damage,0.0,0,0.0,0.0,0.0,F-O FENCE,FIXED-OBJECT,36.1907,-95.1364,2021,2021-07-07,16.55,1,0,N,       ,N,N,0,Clear,Daylight,1.0,20,0,Roadway Departure Right,0,N,0.0,D,20.0,28.0,F,Y,1.0,Apparently Normal,4.0,0,0,0,Unsafe Speed,Other,0,0,0,0,0,0,0,0,0,0,0,0,0,0,0,0,0,0,0,0,0,0,0,0,0,0,0,0,0,0,0,1,0,0,0,0,0
300518511,Cherokee,southern,SH-100,State Highway,0,0.0,0.0,non_incapacitating_injury,1.0,0,0.0,1.0,0.0,ROLLOVER,ROLLOVER,35.76195744,-94.81779344,2021,2021-06-28,17.55,1,0,N,       ,N,N,0,Clear,Daylight,1.0,20,0,Roadway Departure Right,0,N,0.0,D,4.0,22.0,F,Y,3.0,Unknown,4.0,0,0,0,Unsafe Speed,On Curve/Turn,0,0,0,0,0,0,0,0,0,0,0,0,0,0,0,0,0,0,0,0,0,0,0,0,0,0,0,0,0,0,0,1,0,0,0,0,0
300518516,Cherokee,southern,,County Road,0,0.0,0.0,non_incapacitating_injury,2.0,0,0.0,2.0,0.0,ROLLOVER,ROLLOVER,35.8563,-95.0978,2021,2021-07-08,12.52,1,0,N,       ,N,N,0,Clear,Daylight,1.0,20,0,Roadway Departure Right,0,N,0.0,D,15.0,32.0,M,Y,3.0,Apparently Normal,1.0,0,0,0,Unsafe Speed,Inexperienced Driver - Young,0,0,0,0,0,0,0,0,0,0,0,0,0,0,0,0,0,0,0,0,0,0,0,0,0,0,0,0,0,0,0,1,0,0,0,0,0
300518566,Sequoyah,southern,,County Road,0,99.0,80.0,property_damage,0.0,0,0.0,0.0,0.0,RIGHT-ANGLE,RIGHT-ANGLE,35.5243,-94.885,2021,2021-07-08,16.44,1,0,N,       ,N,N,0,Cloudy,Daylight,1.0,1,0,Roadway Departure Left,0,N,0.0,D,4.0,16.0,F,Y,1.0,Apparently Normal,4.0,0,1,0,Unsafe Speed,For Type of Roadway (Pavement Surface),0,0,0,0,0,0,0,0,0,0,0,0,0,0,0,0,0,0,0,0,0,0,0,0,0,0,0,0,0,0,0,1,0,0,0,0,0
300518723,Rogers,northern,US-169,US Route,0,0.0,0.0,property_damage,0.0,0,0.0,0.0,0.0,OTHER,OTHER,36.5552585,-95.69001791,2021,2021-07-02,21.44,2,0,N,       ,N,N,0,Clear,Dark / Unlighted,1.0,35,0,Roadway Departure Right,0,N,0.0,D,2.0,55.0,M,Y,1.0,Apparently Normal,4.0,0,0,0,Unsafe Speed,For Traffic Conditions,0,0,0,0,0,0,0,0,0,0,0,0,0,0,0,0,0,0,0,0,0,0,0,0,0,0,0,0,0,0,0,1,0,0,0,1,0
300518903,Rogers,northern,US-412,US Route,0,0.0,0.0,property_damage,0.0,0,0.0,0.0,0.0,REAR-END,REAR-END,36.16438894,-95.68301717,2021,2021-07-01,0.0,2,0,N,       ,N,N,0,Rain,Daylight,2.0,3,0,Roadway Departure Left,0,N,0.0,D,20.0,42.0,M,Y,1.0,Apparently Normal,4.0,0,0,0,Unsafe Speed,Rain or Wet Roadway,0,0,0,0,0,0,0,0,0,0,0,0,0,0,0,0,0,0,0,0,0,0,0,0,0,0,0,0,0,0,0,1,0,0,1,0,0
300518913,Mayes,northern,I-44,Turnpike Interstate,0,0.0,0.0,incapacitating_injury,1.0,0,1.0,0.0,0.0,F-O BARR-CONCRETE,FIXED-OBJECT,36.44315617,-95.37631431,2021,2021-07-10,7.55,1,0,N,       ,N,N,0,Clear,Dawn,1.0,19,0,Roadway Departure Right,0,N,0.0,D,1.0,56.0,F,Y,4.0,Apparently Normal,4.0,0,0,0,Unsafe Speed,On Curve/Turn,0,0,0,0,0,0,0,0,0,0,0,0,0,0,0,0,0,0,0,0,0,0,0,0,0,0,0,0,0,0,0,1,0,0,0,1,0
300518917,Tulsa,tulsa,,City Street,6,0.0,0.0,non_incapacitating_injury,1.0,0,0.0,1.0,0.0,OTHER,OTHER,36.1864981,-95.99318527,2021,2021-07-09,18.5,3,0,N,       ,N,N,0,Clear,Daylight,1.0,35,0,No Roadway Departure,0,N,0.0,D,4.0,31.0,M,Y,3.0,Unknown,4.0,0,0,0,Unsafe Speed,For Traffic Conditions,0,0,0,0,0,0,0,0,0,0,0,0,0,0,0,0,0,0,0,0,0,0,0,0,0,0,0,0,0,0,0,1,0,0,0,0,0
300518921,Muskogee,southern,MUSTPK,Turnpike,0,0.0,0.0,property_damage,0.0,0,0.0,0.0,0.0,F-O BARR-CABLE,FIXED-OBJECT,35.62245705,-95.28970368,2021,2021-07-08,13.5,1,0,N,       ,N,N,0,Rain,Daylight,2.0,19,0,Roadway Departure Left,0,N,0.0,D,1.0,24.0,M,Y,1.0,Apparently Normal,4.0,0,0,0,Unsafe Speed,Rain or Wet Roadway,0,0,0,0,0,0,0,0,0,0,0,0,0,0,0,0,0,0,0,0,0,0,0,0,0,0,0,0,0,0,0,1,0,0,1,0,0
300518922,Muskogee,southern,MUSTPK,Turnpike,0,0.0,0.0,property_damage,0.0,0,0.0,0.0,0.0,F-O BARR-CABLE,FIXED-OBJECT,35.5624632,-95.24235773,2021,2021-07-08,14.06,1,0,N,       ,N,N,0,Rain,Daylight,2.0,19,0,Roadway Departure Left,0,N,0.0,D,20.0,38.0,F,Y,1.0,Apparently Normal,4.0,0,0,0,Unsafe Speed,Rain or Wet Roadway,0,0,0,0,0,0,0,0,0,0,0,0,0,0,0,0,0,0,0,0,0,0,0,0,0,0,0,0,0,0,0,1,0,0,1,0,0
300518926,Muskogee,southern,MUSTPK,Turnpike,0,0.0,0.0,property_damage,0.0,0,0.0,0.0,0.0,F-O BARR-CABLE,FIXED-OBJECT,35.62000143,-95.28781071,2021,2021-07-08,13.56,1,0,N,       ,N,N,0,Rain,Daylight,2.0,19,0,Roadway Departure Left,0,N,0.0,D,4.0,22.0,M,Y,1.0,Apparently Normal,4.0,0,0,0,Unsafe Speed,Rain or Wet Roadway,0,0,0,0,0,0,0,0,0,0,0,0,0,0,0,0,0,0,0,0,0,0,0,0,0,0,0,0,0,0,0,1,0,0,1,0,0
300519148,Sequoyah,southern,,County Road,0,99.0,80.0,property_damage,0.0,0,0.0,0.0,0.0,F-O OTHER,FIXED-OBJECT,35.5845,-94.5593,2021,2021-07-10,15.58,1,0,N,       ,Y,N,1,Clear,Daylight,1.0,19,0,Roadway Departure Left,0,N,0.0,D,2.0,24.0,M,Y,1.0,Odor of Alcohol Beverage,4.0,0,0,0,Unsafe Speed,On Curve/Turn,0,0,0,0,0,0,0,0,0,0,0,0,0,0,0,0,0,0,0,0,0,0,0,0,0,0,0,0,0,0,0,1,0,0,0,0,0
300519220,Tulsa,tulsa,,City Street,8,0.0,0.0,incapacitating_injury,1.0,0,1.0,0.0,0.0,OTHER,OTHER,36.1875568,-95.92898633,2021,2021-07-14,20.32,2,0,N,       ,N,N,0,Clear,Daylight,1.0,35,0,No Roadway Departure,0,N,0.0,D,15.0,21.0,M,Y,4.0,Unknown,0.0,0,0,0,Unsafe Speed,Other,0,0,0,0,0,0,0,0,0,0,0,0,0,0,0,0,0,0,0,0,0,0,0,0,0,0,0,0,0,0,0,1,0,0,0,0,0
300519254,Delaware,northern,,County Road,0,99.0,80.0,property_damage,0.0,0,0.0,0.0,0.0,F-O FENCE,FIXED-OBJECT,36.4226,-94.8455,2021,2021-07-07,21.16,1,0,N,       ,N,N,0,Clear,Dark / Unlighted,1.0,19,0,Roadway Departure Left,0,N,0.0,D,20.0,29.0,F,Y,1.0,Apparently Normal,4.0,0,0,0,Unsafe Speed,Other,0,0,0,0,0,0,0,0,0,0,0,0,0,0,0,0,0,0,0,0,0,0,0,0,0,0,0,0,0,0,0,1,0,0,0,1,0
300519256,Delaware,northern,,County Road,0,99.0,80.0,property_damage,0.0,0,0.0,0.0,0.0,RIGHT-ANGLE,RIGHT-ANGLE,36.5681,-94.9886,2021,2021-06-29,22.12,2,0,N,       ,N,N,0,Clear,Dark / Unlighted,1.0,1,0,Roadway Departure Left,0,N,0.0,D,2.0,38.0,F,Y,1.0,Apparently Normal,4.0,0,0,0,Unsafe Speed,On Curve/Turn,0,0,0,0,0,0,0,0,0,0,0,0,0,0,0,0,0,0,0,0,0,0,0,0,0,0,0,0,0,0,0,1,0,0,0,1,0
300519282,Tulsa,tulsa,US-75,US Route,0,0.0,0.0,property_damage,0.0,0,0.0,0.0,0.0,F-O BARR-OTHER,FIXED-OBJECT,36.16229588,-95.98042891,2021,2021-05-11,13.0,1,0,N,       ,N,N,0,Rain,Daylight,2.0,19,0,Roadway Departure Left,0,N,0.0,D,4.0,26.0,M,Y,1.0,Apparently Normal,4.0,0,0,0,Unsafe Speed,Rain or Wet Roadway,0,0,0,0,0,0,0,0,0,0,0,0,0,0,0,0,0,0,0,0,0,0,0,0,0,0,0,0,0,0,0,1,0,0,1,0,0
300519509,Tulsa,tulsa,,City Street,7,99.0,80.0,property_damage,0.0,0,0.0,0.0,0.0,ANGLE-TURNING,ANGLE-TURNING,36.17501149,-95.9224501,2021,2021-07-16,8.0,2,0,Y,       ,N,N,0,Clear,Daylight,1.0,9,0,No Roadway Departure,0,N,0.0,D,4.0,43.0,M,Y,1.0,Apparently Normal,4.0,0,0,0,Unsafe Speed,For Traffic Conditions,0,0,0,0,0,0,0,0,0,0,0,0,0,0,0,0,0,0,0,0,0,0,0,0,0,0,0,0,0,0,0,1,0,0,0,0,0
300519513,Tulsa,tulsa,,City Street,6,0.0,0.0,non_incapacitating_injury,1.0,0,0.0,1.0,0.0,F-O BARR-OTHER,FIXED-OBJECT,36.206071,-95.86844757,2021,2021-07-16,12.3,2,0,N,       ,N,N,0,Clear,Daylight,1.0,19,0,Fixed Object,0,N,0.0,D,2.0,22.0,M,Y,3.0,Apparently Normal,4.0,0,0,0,Unsafe Speed,For Traffic Conditions,0,0,0,0,0,0,0,0,0,0,0,0,0,0,0,0,0,0,0,0,0,0,0,0,0,0,0,0,0,0,0,1,0,0,0,0,0
300519559,Cherokee,southern,,County Road,0,99.0,80.0,property_damage,0.0,0,0.0,0.0,0.0,F-O FENCE,FIXED-OBJECT,35.8779,-95.0142,2021,2021-07-15,12.31,1,0,N,       ,N,N,0,Clear,Daylight,1.0,20,0,Roadway Departure Right,0,N,0.0,D,1.0,19.0,M,Y,1.0,Apparently Normal,4.0,0,1,0,Unsafe Speed,On Curve/Turn,0,0,0,0,0,0,0,0,0,0,0,0,0,0,0,0,0,0,0,0,0,0,0,0,0,0,0,0,0,0,0,1,0,0,0,0,0
300519568,Cherokee,southern,,County Road,0,99.0,80.0,property_damage,0.0,0,0.0,0.0,0.0,F-O TREE,FIXED-OBJECT,35.9066,-95.1614,2021,2021-07-12,8.47,1,1,N,       ,N,N,0,Cloudy,Daylight,1.0,20,0,Roadway Departure Right,0,N,0.0,D,6.0,28.0,M,Y,1.0,Apparently Normal,4.0,0,0,0,Unsafe Speed,On Curve/Turn,0,0,0,0,0,0,0,0,0,0,0,0,0,0,0,0,0,0,0,0,0,0,0,0,0,0,0,0,0,0,0,1,0,0,0,0,0
300519603,Washington,northern,US-75,US Route,1,0.0,0.0,fatal,0.0,1,0.0,0.0,0.0,REAR-END,REAR-END,36.4366568,-95.92034005,2021,2021-04-19,19.39,2,0,N,       ,N,N,0,Cloudy,Dark / Unlighted,1.0,5,0,No Roadway Departure,0,N,0.0,D,2.0,56.0,M,Y,5.0,Apparently Normal,4.0,0,0,0,Unsafe Speed,Other,0,0,0,0,0,0,0,0,0,0,0,0,0,0,0,0,0,0,0,0,0,0,0,0,0,0,0,0,0,0,0,1,0,0,0,1,0
300519692,Delaware,northern,SH-20,State Highway,0,1.0,0.0,property_damage,0.0,0,0.0,0.0,0.0,REAR-END,REAR-END,36.40661284,-94.86250825,2021,2021-07-16,11.33,2,0,N,       ,N,N,0,Cloudy,Daylight,1.0,4,0,No Roadway Departure,0,N,0.0,D,4.0,77.0,M,Y,1.0,Apparently Normal,4.0,1,0,0,Unsafe Speed,On Curve/Turn,0,0,0,0,0,0,0,0,0,0,0,0,0,0,0,0,0,0,0,0,0,0,0,0,0,0,0,0,0,0,0,1,0,0,0,0,0
300519757,Washington,northern,,County Road,0,0.0,0.0,non_incapacitating_injury,1.0,0,0.0,1.0,0.0,F-O FENCE,FIXED-OBJECT,36.6318,-95.8634,2021,2021-07-17,13.38,1,0,N,       ,N,N,0,Cloudy,Daylight,1.0,19,0,Roadway Departure Left,0,N,0.0,D,2.0,30.0,F,Y,3.0,Apparently Normal,4.0,0,0,0,Unsafe Speed,On Curve/Turn,0,0,0,0,0,0,0,0,0,0,0,0,0,0,0,0,0,0,0,0,0,0,0,0,0,0,0,0,0,0,0,1,0,0,0,0,0
300519883,Sequoyah,southern,I-40,Interstate,0,0.0,0.0,property_damage,0.0,0,0.0,0.0,0.0,F-O BARR-CABLE,FIXED-OBJECT,35.39823945,-94.66538765,2021,2021-07-19,18.11,1,0,N,       ,N,N,0,Rain,Daylight,2.0,19,0,Roadway Departure Left,0,N,0.0,D,20.0,28.0,F,Y,1.0,Apparently Normal,4.0,0,0,0,Unsafe Speed,Rain or Wet Roadway,0,0,0,0,0,0,0,0,0,0,0,0,0,0,0,0,0,0,0,0,0,0,0,0,0,0,0,0,0,0,0,1,0,0,1,0,0
300519935,Muskogee,southern,MUSTPK,Turnpike,0,0.0,0.0,possible_injury,0.0,0,0.0,0.0,1.0,F-O GUARDRL-FACE,FIXED-OBJECT,35.71230816,-95.30963054,2021,2021-07-01,13.47,1,0,N,       ,N,N,0,Rain,Daylight,2.0,20,0,Roadway Departure Right,0,N,0.0,D,1.0,19.0,F,Y,1.0,Apparently Normal,4.0,0,1,0,Unsafe Speed,Rain or Wet Roadway,0,0,0,0,0,0,0,0,0,0,0,0,0,0,0,0,0,0,0,0,0,0,0,0,0,0,0,0,0,0,0,1,0,0,1,0,0
300519936,Rogers,northern,SH-20,State Highway,1,5.0,0.0,non_incapacitating_injury,2.0,0,0.0,2.0,1.0,REAR-END,REAR-END,36.3103615,-95.48944946,2021,2021-07-05,20.07,2,0,Y,       ,N,N,0,Clear,Dusk,1.0,3,0,Roadway Departure Right,0,N,0.0,D,2.0,18.0,M,Y,2.0,Apparently Normal,4.0,0,1,0,Unsafe Speed,For Traffic Conditions,0,0,0,0,0,0,0,0,0,0,0,0,0,0,0,0,0,0,0,0,0,0,0,0,0,0,0,0,0,0,0,1,0,0,0,1,0
300520009,Sequoyah,southern,,County Road,0,0.0,0.0,non_incapacitating_injury,3.0,0,0.0,3.0,0.0,ROLLOVER,ROLLOVER,35.4896,-94.957,2021,2021-07-20,0.0,1,0,N,       ,N,N,0,Clear,Daylight,1.0,19,0,Roadway Departure Left,0,N,0.0,D,4.0,22.0,F,Y,3.0,Apparently Normal,1.0,0,0,0,Unsafe Speed,For Type of Roadway (Pavement Surface),0,0,0,0,0,0,0,0,0,0,0,0,0,0,0,0,0,0,0,0,0,0,0,0,0,0,0,0,0,0,0,1,0,0,0,0,0
300520047,Tulsa,tulsa,SH-11,State Highway,0,0.0,0.0,property_damage,0.0,0,0.0,0.0,0.0,F-O BARR-CABLE,FIXED-OBJECT,36.18338274,-95.88995928,2021,2021-07-20,17.3,1,0,N,       ,N,N,0,Clear,Dark / Unlighted,2.0,19,0,Roadway Departure Left,0,N,0.0,D,2.0,29.0,F,Y,1.0,Apparently Normal,1.0,0,0,0,Unsafe Speed,On Curve/Turn,0,0,0,0,0,0,0,0,0,0,0,0,0,0,0,0,0,0,0,0,0,0,0,0,0,0,0,0,0,0,0,1,0,0,0,1,0
300520063,Delaware,northern,SH-85,State Highway,0,0.0,0.0,property_damage,0.0,0,0.0,0.0,0.0,F-O DITCH,FIXED-OBJECT,36.56790201,-94.98867669,2021,2021-07-18,1.4,1,0,N,       ,N,N,0,Cloudy,Dark / Unlighted,2.0,20,0,Roadway Departure Right,0,Y,0.0,D,20.0,0.0,9,Y,1.0,Unknown,99.0,0,0,0,Unsafe Speed,On Curve/Turn,0,0,0,0,0,0,0,0,0,0,0,0,0,0,0,0,0,0,0,0,0,0,0,0,0,0,0,0,0,0,0,1,0,0,0,1,0
300520349,Rogers,northern,I-44,Turnpike Interstate,0,0.0,0.0,non_incapacitating_injury,1.0,0,0.0,1.0,0.0,F-O GUARDRL-FACE,FIXED-OBJECT,36.21636728,-95.69173507,2021,2021-07-16,7.49,1,0,N,       ,N,N,0,Rain,Daylight,2.0,20,0,Roadway Departure Right,0,N,0.0,D,20.0,27.0,F,Y,3.0,Apparently Normal,4.0,0,0,0,Unsafe Speed,Rain or Wet Roadway,0,0,0,0,0,0,0,0,0,0,0,0,0,0,0,0,0,0,0,0,0,0,0,0,0,0,0,0,0,0,0,1,0,0,1,0,0
300520351,Rogers,northern,SH-66,State Highway,0,0.0,0.0,possible_injury,0.0,0,0.0,0.0,1.0,ROLLOVER,ROLLOVER,36.42228079,-95.5326628,2021,2021-07-17,7.01,1,0,N,       ,N,N,0,Rain,Dawn,2.0,19,0,Roadway Departure Left,0,N,0.0,D,4.0,60.0,M,Y,2.0,Apparently Normal,4.0,0,0,0,Unsafe Speed,Rain or Wet Roadway,0,0,0,0,0,0,0,0,0,0,0,0,0,0,0,0,0,0,0,0,0,0,0,0,0,0,0,0,0,0,0,1,0,0,1,1,0